"","date","rate"
"1",2004-02-23,0.000141183114499506
"2",2004-04-14,0.000282366228999012
"3",2004-05-03,0.000423549343498518
"4",2004-07-13,0.000564732457998023
"5",2005-05-06,0.000705915572497529
"6",2005-07-13,0.000847098686997035
"7",2005-10-27,0.000988281801496541
"8",2005-12-15,0.00112946491599605
"9",2006-03-15,0.00127064803049555
"10",2006-05-30,0.00141183114499506
"11",2006-06-06,0.00155301425949456
"12",2006-06-30,0.00169419737399407
"13",2006-09-08,0.00183538048849358
"14",2006-11-02,0.00197656360299308
"15",2006-11-07,0.00211774671749259
"16",2006-11-09,0.00225892983199209
"17",2007-03-29,0.0024001129464916
"18",2007-04-20,0.00254129606099111
"19",2007-05-09,0.00268247917549061
"20",2007-06-28,0.00282366228999012
"21",2007-06-29,0.00296484540448962
"22",2007-08-10,0.00310602851898913
"23",2007-08-27,0.00324721163348863
"24",2007-08-28,0.00338839474798814
"25",2007-10-02,0.00352957786248765
"26",2007-12-06,0.00367076097698715
"27",2008-03-14,0.00381194409148666
"28",2008-03-31,0.00395312720598616
"29",2008-04-10,0.00409431032048567
"30",2008-04-18,0.00423549343498518
"31",2008-07-02,0.00437667654948468
"32",2008-07-08,0.00451785966398419
"33",2008-07-09,0.00465904277848369
"34",2008-07-10,0.0048002258929832
"35",2008-08-01,0.00494140900748271
"36",2008-08-04,0.00508259212198221
"37",2008-08-21,0.00522377523648172
"38",2008-08-25,0.00536495835098122
"39",2008-09-24,0.00550614146548073
"40",2008-10-14,0.00564732457998023
"41",2008-10-16,0.00578850769447974
"42",2008-10-21,0.00592969080897925
"43",2008-10-22,0.00607087392347875
"44",2008-10-22,0.00621205703797826
"45",2008-11-03,0.00635324015247776
"46",2008-11-06,0.00649442326697727
"47",2008-12-12,0.00663560638147678
"48",2009-01-21,0.00677678949597628
"49",2009-02-03,0.00691797261047579
"50",2009-02-09,0.00705915572497529
"51",2009-02-18,0.0072003388394748
"52",2009-02-19,0.00734152195397431
"53",2009-02-24,0.00748270506847381
"54",2009-03-17,0.00762388818297332
"55",2009-03-20,0.00776507129747282
"56",2009-03-20,0.00790625441197233
"57",2009-03-26,0.00804743752647183
"58",2009-03-31,0.00818862064097134
"59",2009-04-03,0.00832980375547085
"60",2009-04-28,0.00847098686997035
"61",2009-06-22,0.00861216998446986
"62",2009-06-24,0.00875335309896936
"63",2009-06-29,0.00889453621346887
"64",2009-06-29,0.00903571932796838
"65",2009-07-20,0.00917690244246788
"66",2009-07-27,0.00931808555696739
"67",2009-07-30,0.00945926867146689
"68",2009-07-31,0.0096004517859664
"69",2009-08-18,0.0097416349004659
"70",2009-09-09,0.00988281801496541
"71",2009-09-15,0.0100240011294649
"72",2009-09-28,0.0101651842439644
"73",2009-09-28,0.0103063673584639
"74",2009-09-28,0.0104475504729634
"75",2009-10-08,0.0105887335874629
"76",2009-10-19,0.0107299167019624
"77",2009-10-19,0.010871099816462
"78",2009-10-19,0.0110122829309615
"79",2009-11-10,0.011153466045461
"80",2009-11-12,0.0112946491599605
"81",2009-12-08,0.01143583227446
"82",2009-12-16,0.0115770153889595
"83",2009-12-24,0.011718198503459
"84",2009-12-28,0.0118593816179585
"85",2010-01-05,0.012000564732458
"86",2010-01-15,0.0121417478469575
"87",2010-01-15,0.012282930961457
"88",2010-01-20,0.0124241140759565
"89",2010-02-01,0.012565297190456
"90",2010-02-11,0.0127064803049555
"91",2010-02-17,0.012847663419455
"92",2010-02-17,0.0129888465339545
"93",2010-02-19,0.013130029648454
"94",2010-02-19,0.0132712127629536
"95",2010-03-02,0.0134123958774531
"96",2010-03-05,0.0135535789919526
"97",2010-03-09,0.0136947621064521
"98",2010-03-09,0.0138359452209516
"99",2010-03-18,0.0139771283354511
"100",2010-03-23,0.0141183114499506
"101",2010-03-24,0.0142594945644501
"102",2010-04-05,0.0144006776789496
"103",2010-04-05,0.0145418607934491
"104",2010-04-13,0.0146830439079486
"105",2010-04-14,0.0148242270224481
"106",2010-04-19,0.0149654101369476
"107",2010-04-20,0.0151065932514471
"108",2010-04-20,0.0152477763659466
"109",2010-04-23,0.0153889594804461
"110",2010-04-23,0.0155301425949456
"111",2010-04-28,0.0156713257094452
"112",2010-05-04,0.0158125088239447
"113",2010-05-07,0.0159536919384442
"114",2010-05-19,0.0160948750529437
"115",2010-05-20,0.0162360581674432
"116",2010-05-26,0.0163772412819427
"117",2010-06-01,0.0165184243964422
"118",2010-06-04,0.0166596075109417
"119",2010-06-11,0.0168007906254412
"120",2010-06-15,0.0169419737399407
"121",2010-06-15,0.0170831568544402
"122",2010-06-15,0.0172243399689397
"123",2010-06-22,0.0173655230834392
"124",2010-06-22,0.0175067061979387
"125",2010-06-22,0.0176478893124382
"126",2010-06-29,0.0177890724269377
"127",2010-06-30,0.0179302555414372
"128",2010-07-01,0.0180714386559368
"129",2010-07-02,0.0182126217704363
"130",2010-07-06,0.0183538048849358
"131",2010-07-09,0.0184949879994353
"132",2010-07-09,0.0186361711139348
"133",2010-07-14,0.0187773542284343
"134",2010-07-23,0.0189185373429338
"135",2010-07-26,0.0190597204574333
"136",2010-08-06,0.0192009035719328
"137",2010-08-09,0.0193420866864323
"138",2010-08-12,0.0194832698009318
"139",2010-08-16,0.0196244529154313
"140",2010-08-23,0.0197656360299308
"141",2010-08-31,0.0199068191444303
"142",2010-08-31,0.0200480022589298
"143",2010-09-10,0.0201891853734293
"144",2010-09-20,0.0203303684879288
"145",2010-09-28,0.0204715516024284
"146",2010-09-29,0.0206127347169279
"147",2010-10-04,0.0207539178314274
"148",2010-10-14,0.0208951009459269
"149",2010-10-20,0.0210362840604264
"150",2010-10-22,0.0211774671749259
"151",2010-10-27,0.0213186502894254
"152",2010-11-10,0.0214598334039249
"153",2010-11-22,0.0216010165184244
"154",2010-11-24,0.0217421996329239
"155",2010-11-24,0.0218833827474234
"156",2010-12-03,0.0220245658619229
"157",2010-12-06,0.0221657489764224
"158",2010-12-10,0.0223069320909219
"159",2010-12-17,0.0224481152054214
"160",2010-12-17,0.0225892983199209
"161",2010-12-25,0.0227304814344204
"162",2010-12-25,0.0228716645489199
"163",2010-12-27,0.0230128476634195
"164",2011-01-07,0.023154030777919
"165",2011-01-09,0.0232952138924185
"166",2011-01-11,0.023436397006918
"167",2011-01-11,0.0235775801214175
"168",2011-01-12,0.023718763235917
"169",2011-01-12,0.0238599463504165
"170",2011-01-13,0.024001129464916
"171",2011-01-21,0.0241423125794155
"172",2011-01-23,0.024283495693915
"173",2011-01-25,0.0244246788084145
"174",2011-01-27,0.024565861922914
"175",2011-02-01,0.0247070450374135
"176",2011-02-01,0.024848228151913
"177",2011-02-01,0.0249894112664125
"178",2011-02-01,0.025130594380912
"179",2011-02-03,0.0252717774954115
"180",2011-02-03,0.0254129606099111
"181",2011-02-03,0.0255541437244106
"182",2011-02-11,0.0256953268389101
"183",2011-02-17,0.0258365099534096
"184",2011-02-18,0.0259776930679091
"185",2011-02-22,0.0261188761824086
"186",2011-03-02,0.0262600592969081
"187",2011-03-03,0.0264012424114076
"188",2011-03-03,0.0265424255259071
"189",2011-03-09,0.0266836086404066
"190",2011-03-11,0.0268247917549061
"191",2011-03-16,0.0269659748694056
"192",2011-03-22,0.0271071579839051
"193",2011-03-31,0.0272483410984046
"194",2011-04-13,0.0273895242129041
"195",2011-04-15,0.0275307073274036
"196",2011-04-18,0.0276718904419031
"197",2011-04-21,0.0278130735564027
"198",2011-04-22,0.0279542566709022
"199",2011-04-27,0.0280954397854017
"200",2011-04-28,0.0282366228999012
"201",2011-05-04,0.0283778060144007
"202",2011-05-05,0.0285189891289002
"203",2011-05-09,0.0286601722433997
"204",2011-05-13,0.0288013553578992
"205",2011-05-16,0.0289425384723987
"206",2011-05-16,0.0290837215868982
"207",2011-05-17,0.0292249047013977
"208",2011-05-20,0.0293660878158972
"209",2011-05-24,0.0295072709303967
"210",2011-05-31,0.0296484540448962
"211",2011-06-02,0.0297896371593957
"212",2011-06-03,0.0299308202738952
"213",2011-06-07,0.0300720033883947
"214",2011-06-09,0.0302131865028943
"215",2011-06-12,0.0303543696173938
"216",2011-06-13,0.0304955527318933
"217",2011-06-13,0.0306367358463928
"218",2011-06-13,0.0307779189608923
"219",2011-06-13,0.0309191020753918
"220",2011-06-14,0.0310602851898913
"221",2011-06-16,0.0312014683043908
"222",2011-06-20,0.0313426514188903
"223",2011-06-20,0.0314838345333898
"224",2011-06-20,0.0316250176478893
"225",2011-06-20,0.0317662007623888
"226",2011-06-21,0.0319073838768883
"227",2011-06-27,0.0320485669913878
"228",2011-06-28,0.0321897501058873
"229",2011-07-02,0.0323309332203868
"230",2011-07-06,0.0324721163348864
"231",2011-07-08,0.0326132994493859
"232",2011-07-12,0.0327544825638854
"233",2011-07-12,0.0328956656783849
"234",2011-07-13,0.0330368487928844
"235",2011-07-13,0.0331780319073839
"236",2011-07-21,0.0333192150218834
"237",2011-07-21,0.0334603981363829
"238",2011-07-21,0.0336015812508824
"239",2011-07-21,0.0337427643653819
"240",2011-07-24,0.0338839474798814
"241",2011-07-28,0.0340251305943809
"242",2011-08-01,0.0341663137088804
"243",2011-08-01,0.0343074968233799
"244",2011-08-03,0.0344486799378794
"245",2011-08-03,0.0345898630523789
"246",2011-08-03,0.0347310461668784
"247",2011-08-04,0.0348722292813779
"248",2011-08-09,0.0350134123958775
"249",2011-08-12,0.035154595510377
"250",2011-08-12,0.0352957786248765
"251",2011-08-12,0.035436961739376
"252",2011-08-16,0.0355781448538755
"253",2011-08-22,0.035719327968375
"254",2011-08-31,0.0358605110828745
"255",2011-08-31,0.036001694197374
"256",2011-09-07,0.0361428773118735
"257",2011-09-08,0.036284060426373
"258",2011-09-08,0.0364252435408725
"259",2011-09-12,0.036566426655372
"260",2011-09-13,0.0367076097698715
"261",2011-09-14,0.036848792884371
"262",2011-09-23,0.0369899759988705
"263",2011-09-27,0.03713115911337
"264",2011-09-30,0.0372723422278695
"265",2011-10-05,0.0374135253423691
"266",2011-10-06,0.0375547084568686
"267",2011-10-07,0.0376958915713681
"268",2011-10-07,0.0378370746858676
"269",2011-10-11,0.0379782578003671
"270",2011-10-12,0.0381194409148666
"271",2011-10-19,0.0382606240293661
"272",2011-10-24,0.0384018071438656
"273",2011-10-26,0.0385429902583651
"274",2011-10-27,0.0386841733728646
"275",2011-10-28,0.0388253564873641
"276",2011-11-01,0.0389665396018636
"277",2011-11-01,0.0391077227163631
"278",2011-11-02,0.0392489058308626
"279",2011-11-02,0.0393900889453621
"280",2011-11-04,0.0395312720598616
"281",2011-11-10,0.0396724551743611
"282",2011-11-10,0.0398136382888606
"283",2011-11-10,0.0399548214033602
"284",2011-11-14,0.0400960045178597
"285",2011-11-14,0.0402371876323592
"286",2011-11-18,0.0403783707468587
"287",2011-11-28,0.0405195538613582
"288",2011-11-30,0.0406607369758577
"289",2011-11-30,0.0408019200903572
"290",2011-12-02,0.0409431032048567
"291",2011-12-05,0.0410842863193562
"292",2011-12-05,0.0412254694338557
"293",2011-12-05,0.0413666525483552
"294",2011-12-06,0.0415078356628547
"295",2011-12-07,0.0416490187773542
"296",2011-12-08,0.0417902018918537
"297",2011-12-08,0.0419313850063532
"298",2011-12-08,0.0420725681208527
"299",2011-12-09,0.0422137512353523
"300",2011-12-09,0.0423549343498518
"301",2011-12-09,0.0424961174643513
"302",2011-12-09,0.0426373005788508
"303",2011-12-13,0.0427784836933503
"304",2011-12-16,0.0429196668078498
"305",2011-12-16,0.0430608499223493
"306",2011-12-19,0.0432020330368488
"307",2011-12-20,0.0433432161513483
"308",2011-12-20,0.0434843992658478
"309",2011-12-20,0.0436255823803473
"310",2011-12-28,0.0437667654948468
"311",2012-01-03,0.0439079486093463
"312",2012-01-04,0.0440491317238458
"313",2012-01-04,0.0441903148383453
"314",2012-01-06,0.0443314979528448
"315",2012-01-09,0.0444726810673443
"316",2012-01-11,0.0446138641818438
"317",2012-01-12,0.0447550472963434
"318",2012-01-16,0.0448962304108429
"319",2012-01-18,0.0450374135253424
"320",2012-01-19,0.0451785966398419
"321",2012-01-21,0.0453197797543414
"322",2012-01-24,0.0454609628688409
"323",2012-01-26,0.0456021459833404
"324",2012-01-27,0.0457433290978399
"325",2012-01-30,0.0458845122123394
"326",2012-02-03,0.0460256953268389
"327",2012-02-03,0.0461668784413384
"328",2012-02-03,0.0463080615558379
"329",2012-02-06,0.0464492446703374
"330",2012-02-06,0.0465904277848369
"331",2012-02-10,0.0467316108993364
"332",2012-02-14,0.0468727940138359
"333",2012-02-20,0.0470139771283355
"334",2012-02-20,0.047155160242835
"335",2012-02-27,0.0472963433573345
"336",2012-03-01,0.047437526471834
"337",2012-03-01,0.0475787095863335
"338",2012-03-01,0.047719892700833
"339",2012-03-02,0.0478610758153325
"340",2012-03-05,0.048002258929832
"341",2012-03-06,0.0481434420443315
"342",2012-03-06,0.048284625158831
"343",2012-03-06,0.0484258082733305
"344",2012-03-06,0.04856699138783
"345",2012-03-07,0.0487081745023295
"346",2012-03-10,0.048849357616829
"347",2012-03-11,0.0489905407313285
"348",2012-03-12,0.049131723845828
"349",2012-03-12,0.0492729069603275
"350",2012-03-13,0.049414090074827
"351",2012-03-14,0.0495552731893266
"352",2012-03-15,0.0496964563038261
"353",2012-03-15,0.0498376394183256
"354",2012-03-15,0.0499788225328251
"355",2012-03-15,0.0501200056473246
"356",2012-03-15,0.0502611887618241
"357",2012-03-15,0.0504023718763236
"358",2012-03-15,0.0505435549908231
"359",2012-03-15,0.0506847381053226
"360",2012-03-15,0.0508259212198221
"361",2012-03-16,0.0509671043343216
"362",2012-03-16,0.0511082874488211
"363",2012-03-16,0.0512494705633206
"364",2012-03-19,0.0513906536778201
"365",2012-03-20,0.0515318367923196
"366",2012-03-20,0.0516730199068191
"367",2012-03-20,0.0518142030213187
"368",2012-03-20,0.0519553861358182
"369",2012-03-20,0.0520965692503177
"370",2012-03-20,0.0522377523648172
"371",2012-03-26,0.0523789354793167
"372",2012-03-28,0.0525201185938162
"373",2012-03-29,0.0526613017083157
"374",2012-03-30,0.0528024848228152
"375",2012-03-30,0.0529436679373147
"376",2012-03-30,0.0530848510518142
"377",2012-04-02,0.0532260341663137
"378",2012-04-02,0.0533672172808132
"379",2012-04-02,0.0535084003953127
"380",2012-04-02,0.0536495835098122
"381",2012-04-04,0.0537907666243117
"382",2012-04-04,0.0539319497388112
"383",2012-04-04,0.0540731328533107
"384",2012-04-05,0.0542143159678102
"385",2012-04-06,0.0543554990823098
"386",2012-04-10,0.0544966821968093
"387",2012-04-11,0.0546378653113088
"388",2012-04-12,0.0547790484258083
"389",2012-04-12,0.0549202315403078
"390",2012-04-18,0.0550614146548073
"391",2012-04-19,0.0552025977693068
"392",2012-04-24,0.0553437808838063
"393",2012-04-25,0.0554849639983058
"394",2012-04-25,0.0556261471128053
"395",2012-04-25,0.0557673302273048
"396",2012-04-28,0.0559085133418043
"397",2012-04-30,0.0560496964563038
"398",2012-04-30,0.0561908795708033
"399",2012-05-01,0.0563320626853028
"400",2012-05-03,0.0564732457998023
"401",2012-05-03,0.0566144289143019
"402",2012-05-04,0.0567556120288014
"403",2012-05-08,0.0568967951433009
"404",2012-05-08,0.0570379782578004
"405",2012-05-08,0.0571791613722999
"406",2012-05-09,0.0573203444867994
"407",2012-05-09,0.0574615276012989
"408",2012-05-10,0.0576027107157984
"409",2012-05-10,0.0577438938302979
"410",2012-05-16,0.0578850769447974
"411",2012-05-16,0.0580262600592969
"412",2012-05-17,0.0581674431737964
"413",2012-05-18,0.0583086262882959
"414",2012-05-21,0.0584498094027954
"415",2012-05-21,0.0585909925172949
"416",2012-05-22,0.0587321756317944
"417",2012-05-24,0.0588733587462939
"418",2012-05-24,0.0590145418607934
"419",2012-05-24,0.059155724975293
"420",2012-05-25,0.0592969080897925
"421",2012-05-25,0.059438091204292
"422",2012-05-30,0.0595792743187915
"423",2012-05-31,0.059720457433291
"424",2012-05-31,0.0598616405477905
"425",2012-06-05,0.06000282366229
"426",2012-06-05,0.0601440067767895
"427",2012-06-07,0.060285189891289
"428",2012-06-07,0.0604263730057885
"429",2012-06-08,0.060567556120288
"430",2012-06-12,0.0607087392347875
"431",2012-06-13,0.060849922349287
"432",2012-06-19,0.0609911054637865
"433",2012-06-19,0.061132288578286
"434",2012-06-21,0.0612734716927855
"435",2012-06-21,0.0614146548072851
"436",2012-06-22,0.0615558379217846
"437",2012-06-22,0.0616970210362841
"438",2012-06-27,0.0618382041507836
"439",2012-06-28,0.0619793872652831
"440",2012-06-29,0.0621205703797826
"441",2012-06-29,0.0622617534942821
"442",2012-07-02,0.0624029366087816
"443",2012-07-06,0.0625441197232811
"444",2012-07-09,0.0626853028377806
"445",2012-07-11,0.0628264859522801
"446",2012-07-13,0.0629676690667796
"447",2012-07-16,0.0631088521812791
"448",2012-07-19,0.0632500352957786
"449",2012-07-20,0.0633912184102781
"450",2012-07-20,0.0635324015247776
"451",2012-07-23,0.0636735846392771
"452",2012-07-25,0.0638147677537766
"453",2012-07-26,0.0639559508682762
"454",2012-07-27,0.0640971339827757
"455",2012-07-30,0.0642383170972752
"456",2012-07-31,0.0643795002117747
"457",2012-08-03,0.0645206833262742
"458",2012-08-06,0.0646618664407737
"459",2012-08-07,0.0648030495552732
"460",2012-08-07,0.0649442326697727
"461",2012-08-08,0.0650854157842722
"462",2012-08-08,0.0652265988987717
"463",2012-08-10,0.0653677820132712
"464",2012-08-10,0.0655089651277707
"465",2012-08-13,0.0656501482422702
"466",2012-08-16,0.0657913313567697
"467",2012-08-17,0.0659325144712692
"468",2012-08-17,0.0660736975857687
"469",2012-08-23,0.0662148807002682
"470",2012-08-23,0.0663560638147678
"471",2012-08-23,0.0664972469292673
"472",2012-08-24,0.0666384300437668
"473",2012-08-24,0.0667796131582663
"474",2012-08-24,0.0669207962727658
"475",2012-08-24,0.0670619793872653
"476",2012-08-24,0.0672031625017648
"477",2012-08-27,0.0673443456162643
"478",2012-08-28,0.0674855287307638
"479",2012-08-28,0.0676267118452633
"480",2012-08-29,0.0677678949597628
"481",2012-08-30,0.0679090780742623
"482",2012-08-31,0.0680502611887618
"483",2012-09-04,0.0681914443032613
"484",2012-09-04,0.0683326274177608
"485",2012-09-04,0.0684738105322603
"486",2012-09-05,0.0686149936467599
"487",2012-09-13,0.0687561767612593
"488",2012-09-14,0.0688973598757589
"489",2012-09-17,0.0690385429902584
"490",2012-09-18,0.0691797261047579
"491",2012-09-19,0.0693209092192574
"492",2012-09-19,0.0694620923337569
"493",2012-09-24,0.0696032754482564
"494",2012-09-26,0.0697444585627559
"495",2012-09-26,0.0698856416772554
"496",2012-09-26,0.0700268247917549
"497",2012-09-26,0.0701680079062544
"498",2012-09-26,0.0703091910207539
"499",2012-09-27,0.0704503741352534
"500",2012-10-01,0.0705915572497529
"501",2012-10-02,0.0707327403642524
"502",2012-10-03,0.0708739234787519
"503",2012-10-05,0.0710151065932514
"504",2012-10-05,0.071156289707751
"505",2012-10-08,0.0712974728222505
"506",2012-10-09,0.07143865593675
"507",2012-10-11,0.0715798390512495
"508",2012-10-12,0.071721022165749
"509",2012-10-12,0.0718622052802485
"510",2012-10-12,0.072003388394748
"511",2012-10-12,0.0721445715092475
"512",2012-10-12,0.072285754623747
"513",2012-10-12,0.0724269377382465
"514",2012-10-15,0.072568120852746
"515",2012-10-15,0.0727093039672455
"516",2012-10-16,0.072850487081745
"517",2012-10-18,0.0729916701962445
"518",2012-10-19,0.073132853310744
"519",2012-10-22,0.0732740364252435
"520",2012-10-22,0.073415219539743
"521",2012-10-22,0.0735564026542426
"522",2012-10-22,0.0736975857687421
"523",2012-10-23,0.0738387688832416
"524",2012-10-24,0.0739799519977411
"525",2012-10-25,0.0741211351122406
"526",2012-10-26,0.0742623182267401
"527",2012-10-26,0.0744035013412396
"528",2012-10-26,0.0745446844557391
"529",2012-10-30,0.0746858675702386
"530",2012-10-31,0.0748270506847381
"531",2012-11-01,0.0749682337992376
"532",2012-11-01,0.0751094169137371
"533",2012-11-02,0.0752506000282366
"534",2012-11-02,0.0753917831427361
"535",2012-11-02,0.0755329662572356
"536",2012-11-02,0.0756741493717351
"537",2012-11-02,0.0758153324862346
"538",2012-11-04,0.0759565156007342
"539",2012-11-05,0.0760976987152337
"540",2012-11-06,0.0762388818297332
"541",2012-11-07,0.0763800649442327
"542",2012-11-07,0.0765212480587322
"543",2012-11-07,0.0766624311732317
"544",2012-11-08,0.0768036142877312
"545",2012-11-09,0.0769447974022307
"546",2012-11-09,0.0770859805167302
"547",2012-11-09,0.0772271636312297
"548",2012-11-09,0.0773683467457292
"549",2012-11-13,0.0775095298602287
"550",2012-11-16,0.0776507129747282
"551",2012-11-18,0.0777918960892277
"552",2012-11-19,0.0779330792037272
"553",2012-11-20,0.0780742623182267
"554",2012-11-20,0.0782154454327263
"555",2012-11-21,0.0783566285472257
"556",2012-11-26,0.0784978116617253
"557",2012-11-28,0.0786389947762248
"558",2012-11-28,0.0787801778907243
"559",2012-11-29,0.0789213610052238
"560",2012-11-29,0.0790625441197233
"561",2012-11-30,0.0792037272342228
"562",2012-11-30,0.0793449103487223
"563",2012-12-04,0.0794860934632218
"564",2012-12-04,0.0796272765777213
"565",2012-12-07,0.0797684596922208
"566",2012-12-10,0.0799096428067203
"567",2012-12-11,0.0800508259212198
"568",2012-12-11,0.0801920090357193
"569",2012-12-12,0.0803331921502188
"570",2012-12-12,0.0804743752647183
"571",2012-12-12,0.0806155583792178
"572",2012-12-14,0.0807567414937174
"573",2012-12-14,0.0808979246082169
"574",2012-12-17,0.0810391077227164
"575",2012-12-19,0.0811802908372159
"576",2012-12-20,0.0813214739517154
"577",2012-12-24,0.0814626570662149
"578",2012-12-26,0.0816038401807144
"579",2012-12-27,0.0817450232952139
"580",2013-01-02,0.0818862064097134
"581",2013-01-03,0.0820273895242129
"582",2013-01-03,0.0821685726387124
"583",2013-01-04,0.0823097557532119
"584",2013-01-07,0.0824509388677114
"585",2013-01-08,0.0825921219822109
"586",2013-01-10,0.0827333050967104
"587",2013-01-10,0.0828744882112099
"588",2013-01-11,0.0830156713257094
"589",2013-01-11,0.083156854440209
"590",2013-01-11,0.0832980375547085
"591",2013-01-11,0.083439220669208
"592",2013-01-14,0.0835804037837075
"593",2013-01-14,0.083721586898207
"594",2013-01-15,0.0838627700127065
"595",2013-01-15,0.084003953127206
"596",2013-01-15,0.0841451362417055
"597",2013-01-15,0.084286319356205
"598",2013-01-17,0.0844275024707045
"599",2013-01-17,0.084568685585204
"600",2013-01-17,0.0847098686997035
"601",2013-01-17,0.084851051814203
"602",2013-01-17,0.0849922349287025
"603",2013-01-18,0.085133418043202
"604",2013-01-18,0.0852746011577015
"605",2013-01-18,0.085415784272201
"606",2013-01-20,0.0855569673867005
"607",2013-01-20,0.0856981505012001
"608",2013-01-21,0.0858393336156996
"609",2013-01-22,0.0859805167301991
"610",2013-01-22,0.0861216998446986
"611",2013-01-22,0.0862628829591981
"612",2013-01-25,0.0864040660736976
"613",2013-01-27,0.0865452491881971
"614",2013-02-04,0.0866864323026966
"615",2013-02-04,0.0868276154171961
"616",2013-02-05,0.0869687985316956
"617",2013-02-05,0.0871099816461951
"618",2013-02-06,0.0872511647606946
"619",2013-02-08,0.0873923478751941
"620",2013-02-11,0.0875335309896936
"621",2013-02-12,0.0876747141041931
"622",2013-02-15,0.0878158972186927
"623",2013-02-18,0.0879570803331921
"624",2013-02-18,0.0880982634476917
"625",2013-02-20,0.0882394465621912
"626",2013-02-22,0.0883806296766907
"627",2013-02-26,0.0885218127911902
"628",2013-02-27,0.0886629959056897
"629",2013-02-27,0.0888041790201892
"630",2013-02-27,0.0889453621346887
"631",2013-02-27,0.0890865452491882
"632",2013-03-01,0.0892277283636877
"633",2013-03-04,0.0893689114781872
"634",2013-03-05,0.0895100945926867
"635",2013-03-07,0.0896512777071862
"636",2013-03-08,0.0897924608216857
"637",2013-03-12,0.0899336439361852
"638",2013-03-12,0.0900748270506847
"639",2013-03-15,0.0902160101651842
"640",2013-03-19,0.0903571932796838
"641",2013-03-19,0.0904983763941833
"642",2013-03-20,0.0906395595086828
"643",2013-03-20,0.0907807426231823
"644",2013-03-20,0.0909219257376818
"645",2013-03-20,0.0910631088521813
"646",2013-03-20,0.0912042919666808
"647",2013-03-21,0.0913454750811803
"648",2013-03-22,0.0914866581956798
"649",2013-03-25,0.0916278413101793
"650",2013-03-27,0.0917690244246788
"651",2013-03-29,0.0919102075391783
"652",2013-03-29,0.0920513906536778
"653",2013-04-02,0.0921925737681773
"654",2013-04-03,0.0923337568826768
"655",2013-04-04,0.0924749399971763
"656",2013-04-04,0.0926161231116758
"657",2013-04-05,0.0927573062261754
"658",2013-04-05,0.0928984893406749
"659",2013-04-08,0.0930396724551744
"660",2013-04-08,0.0931808555696739
"661",2013-04-08,0.0933220386841734
"662",2013-04-08,0.0934632217986729
"663",2013-04-10,0.0936044049131724
"664",2013-04-10,0.0937455880276719
"665",2013-04-11,0.0938867711421714
"666",2013-04-12,0.0940279542566709
"667",2013-04-17,0.0941691373711704
"668",2013-04-19,0.0943103204856699
"669",2013-04-22,0.0944515036001694
"670",2013-04-22,0.0945926867146689
"671",2013-04-23,0.0947338698291684
"672",2013-04-23,0.0948750529436679
"673",2013-04-29,0.0950162360581674
"674",2013-04-29,0.0951574191726669
"675",2013-04-29,0.0952986022871665
"676",2013-04-30,0.095439785401666
"677",2013-05-01,0.0955809685161655
"678",2013-05-01,0.095722151630665
"679",2013-05-01,0.0958633347451645
"680",2013-05-02,0.096004517859664
"681",2013-05-02,0.0961457009741635
"682",2013-05-03,0.096286884088663
"683",2013-05-06,0.0964280672031625
"684",2013-05-06,0.096569250317662
"685",2013-05-07,0.0967104334321615
"686",2013-05-09,0.096851616546661
"687",2013-05-10,0.0969927996611605
"688",2013-05-10,0.09713398277566
"689",2013-05-13,0.0972751658901595
"690",2013-05-13,0.097416349004659
"691",2013-05-13,0.0975575321191585
"692",2013-05-14,0.0976987152336581
"693",2013-05-14,0.0978398983481576
"694",2013-05-14,0.0979810814626571
"695",2013-05-17,0.0981222645771566
"696",2013-05-17,0.0982634476916561
"697",2013-05-21,0.0984046308061556
"698",2013-05-28,0.0985458139206551
"699",2013-05-30,0.0986869970351546
"700",2013-05-30,0.0988281801496541
"701",2013-05-30,0.0989693632641536
"702",2013-05-30,0.0991105463786531
"703",2013-05-30,0.0992517294931526
"704",2013-05-30,0.0993929126076521
"705",2013-05-30,0.0995340957221516
"706",2013-05-31,0.0996752788366511
"707",2013-06-04,0.0998164619511506
"708",2013-06-05,0.0999576450656501
"709",2013-06-06,0.10009882818015
"710",2013-06-07,0.100240011294649
"711",2013-06-07,0.100381194409149
"712",2013-06-07,0.100522377523648
"713",2013-06-11,0.100663560638148
"714",2013-06-17,0.100804743752647
"715",2013-06-21,0.100945926867147
"716",2013-06-24,0.101087109981646
"717",2013-06-25,0.101228293096146
"718",2013-06-26,0.101369476210645
"719",2013-06-29,0.101510659325145
"720",2013-07-01,0.101651842439644
"721",2013-07-01,0.101793025554144
"722",2013-07-01,0.101934208668643
"723",2013-07-01,0.102075391783143
"724",2013-07-01,0.102216574897642
"725",2013-07-10,0.102357758012142
"726",2013-07-13,0.102498941126641
"727",2013-07-16,0.102640124241141
"728",2013-07-16,0.10278130735564
"729",2013-07-18,0.10292249047014
"730",2013-07-19,0.103063673584639
"731",2013-07-19,0.103204856699139
"732",2013-07-20,0.103346039813638
"733",2013-07-20,0.103487222928138
"734",2013-07-22,0.103628406042637
"735",2013-07-22,0.103769589157137
"736",2013-07-22,0.103910772271636
"737",2013-07-23,0.104051955386136
"738",2013-07-23,0.104193138500635
"739",2013-07-26,0.104334321615135
"740",2013-07-29,0.104475504729634
"741",2013-08-06,0.104616687844134
"742",2013-08-12,0.104757870958633
"743",2013-08-14,0.104899054073133
"744",2013-08-14,0.105040237187632
"745",2013-08-16,0.105181420302132
"746",2013-08-20,0.105322603416631
"747",2013-08-21,0.105463786531131
"748",2013-08-21,0.10560496964563
"749",2013-08-21,0.10574615276013
"750",2013-08-21,0.105887335874629
"751",2013-08-21,0.106028518989129
"752",2013-08-21,0.106169702103628
"753",2013-08-21,0.106310885218128
"754",2013-08-26,0.106452068332627
"755",2013-08-28,0.106593251447127
"756",2013-09-06,0.106734434561626
"757",2013-09-10,0.106875617676126
"758",2013-09-10,0.107016800790625
"759",2013-09-20,0.107157983905125
"760",2013-09-20,0.107299167019624
"761",2013-09-20,0.107440350134124
"762",2013-09-20,0.107581533248623
"763",2013-09-20,0.107722716363123
"764",2013-09-20,0.107863899477622
"765",2013-09-25,0.108005082592122
"766",2013-09-30,0.108146265706621
"767",2013-10-01,0.108287448821121
"768",2013-10-03,0.10842863193562
"769",2013-10-03,0.10856981505012
"770",2013-10-10,0.10871099816462
"771",2013-10-10,0.108852181279119
"772",2013-10-10,0.108993364393619
"773",2013-10-10,0.109134547508118
"774",2013-10-10,0.109275730622618
"775",2013-10-29,0.109416913737117
"776",2013-10-29,0.109558096851617
"777",2013-10-29,0.109699279966116
"778",2013-10-29,0.109840463080616
"779",2013-10-29,0.109981646195115
"780",2013-10-29,0.110122829309615
"781",2013-10-29,0.110264012424114
"782",2013-10-29,0.110405195538614
"783",2013-10-29,0.110546378653113
"784",2013-11-08,0.110687561767613
"785",2013-11-14,0.110828744882112
"786",2013-11-19,0.110969927996612
"787",2013-11-19,0.111111111111111
"788",2013-11-20,0.111252294225611
"789",2013-11-20,0.11139347734011
"790",2013-11-21,0.11153466045461
"791",2013-11-27,0.111675843569109
"792",2013-11-27,0.111817026683609
"793",2013-12-04,0.111958209798108
"794",2013-12-05,0.112099392912608
"795",2013-12-13,0.112240576027107
"796",2013-12-13,0.112381759141607
"797",2013-12-13,0.112522942256106
"798",2013-12-19,0.112664125370606
"799",2013-12-19,0.112805308485105
"800",2013-12-19,0.112946491599605
"801",2013-12-19,0.113087674714104
"802",2013-12-23,0.113228857828604
"803",2014-01-10,0.113370040943103
"804",2014-01-10,0.113511224057603
"805",2014-01-10,0.113652407172102
"806",2014-01-10,0.113793590286602
"807",2014-01-10,0.113934773401101
"808",2014-01-10,0.114075956515601
"809",2014-01-15,0.1142171396301
"810",2014-01-22,0.1143583227446
"811",2014-02-03,0.114499505859099
"812",2014-02-03,0.114640688973599
"813",2014-02-03,0.114781872088098
"814",2014-02-05,0.114923055202598
"815",2014-02-05,0.115064238317097
"816",2014-02-07,0.115205421431597
"817",2014-03-04,0.115346604546096
"818",2014-03-12,0.115487787660596
"819",2014-03-12,0.115628970775095
"820",2014-03-12,0.115770153889595
"821",2014-03-12,0.115911337004094
"822",2014-03-12,0.116052520118594
"823",2014-03-17,0.116193703233093
"824",2014-03-25,0.116334886347593
"825",2014-05-12,0.116476069462092
"826",2014-05-22,0.116617252576592
"827",2014-05-23,0.116758435691091
"828",2014-05-29,0.116899618805591
"829",2014-05-29,0.11704080192009
"830",2014-05-29,0.11718198503459
"831",2014-06-09,0.117323168149089
"832",2014-06-18,0.117464351263589
"833",2014-06-20,0.117605534378088
"834",2014-07-08,0.117746717492588
"835",2014-07-16,0.117887900607087
"836",2014-07-21,0.118029083721587
"837",2014-07-23,0.118170266836086
"838",2014-07-28,0.118311449950586
"839",2014-08-01,0.118452633065085
"840",2014-08-06,0.118593816179585
"841",2014-08-06,0.118734999294084
"842",2014-08-09,0.118876182408584
"843",2014-08-12,0.119017365523083
"844",2014-08-13,0.119158548637583
"845",2014-08-13,0.119299731752082
"846",2014-08-13,0.119440914866582
"847",2014-08-14,0.119582097981081
"848",2014-08-29,0.119723281095581
"849",2014-08-29,0.11986446421008
"850",2014-09-08,0.12000564732458
"851",2014-09-09,0.120146830439079
"852",2014-09-11,0.120288013553579
"853",2014-09-11,0.120429196668078
"854",2014-09-11,0.120570379782578
"855",2014-09-15,0.120711562897078
"856",2014-09-30,0.120852746011577
"857",2014-10-01,0.120993929126077
"858",2014-10-01,0.121135112240576
"859",2014-10-15,0.121276295355076
"860",2014-10-16,0.121417478469575
"861",2014-10-17,0.121558661584075
"862",2014-10-30,0.121699844698574
"863",2014-11-04,0.121841027813074
"864",2014-11-18,0.121982210927573
"865",2014-11-20,0.122123394042073
"866",2014-11-21,0.122264577156572
"867",2014-11-25,0.122405760271072
"868",2014-12-02,0.122546943385571
"869",2014-12-05,0.122688126500071
"870",2014-12-09,0.12282930961457
"871",2014-12-12,0.12297049272907
"872",2014-12-18,0.123111675843569
"873",2015-01-05,0.123252858958069
"874",2015-01-14,0.123394042072568
"875",2015-01-20,0.123535225187068
"876",2015-01-20,0.123676408301567
"877",2015-01-20,0.123817591416067
"878",2015-01-21,0.123958774530566
"879",2015-01-22,0.124099957645066
"880",2015-01-22,0.124241140759565
"881",2015-01-27,0.124382323874065
"882",2015-01-27,0.124523506988564
"883",2015-01-28,0.124664690103064
"884",2015-01-30,0.124805873217563
"885",2015-02-05,0.124947056332063
"886",2015-02-06,0.125088239446562
"887",2015-02-11,0.125229422561062
"888",2015-02-12,0.125370605675561
"889",2015-02-17,0.125511788790061
"890",2015-02-23,0.12565297190456
"891",2015-02-24,0.12579415501906
"892",2015-02-26,0.125935338133559
"893",2015-03-11,0.126076521248059
"894",2015-03-11,0.126217704362558
"895",2015-03-13,0.126358887477058
"896",2015-03-13,0.126500070591557
"897",2015-03-19,0.126641253706057
"898",2015-03-30,0.126782436820556
"899",2015-04-01,0.126923619935056
"900",2015-04-01,0.127064803049555
"901",2015-04-03,0.127205986164055
"902",2015-04-07,0.127347169278554
"903",2015-04-08,0.127488352393054
"904",2015-04-09,0.127629535507553
"905",2015-04-13,0.127770718622053
"906",2015-04-14,0.127911901736552
"907",2015-04-27,0.128053084851052
"908",2015-04-30,0.128194267965551
"909",2015-05-06,0.128335451080051
"910",2015-05-07,0.12847663419455
"911",2015-05-07,0.12861781730905
"912",2015-05-07,0.128759000423549
"913",2015-05-07,0.128900183538049
"914",2015-05-12,0.129041366652548
"915",2015-05-13,0.129182549767048
"916",2015-05-18,0.129323732881547
"917",2015-05-20,0.129464915996047
"918",2015-05-22,0.129606099110546
"919",2015-05-26,0.129747282225046
"920",2015-06-03,0.129888465339545
"921",2015-06-03,0.130029648454045
"922",2015-06-12,0.130170831568544
"923",2015-06-15,0.130312014683044
"924",2015-06-18,0.130453197797543
"925",2015-06-29,0.130594380912043
"926",2015-07-06,0.130735564026542
"927",2015-07-07,0.130876747141042
"928",2015-07-09,0.131017930255541
"929",2015-07-09,0.131159113370041
"930",2015-07-10,0.13130029648454
"931",2015-07-13,0.13144147959904
"932",2015-07-13,0.131582662713539
"933",2015-07-14,0.131723845828039
"934",2015-07-14,0.131865028942538
"935",2015-07-14,0.132006212057038
"936",2015-07-15,0.132147395171537
"937",2015-07-16,0.132288578286037
"938",2015-07-17,0.132429761400536
"939",2015-07-17,0.132570944515036
"940",2015-07-20,0.132712127629536
"941",2015-07-20,0.132853310744035
"942",2015-07-20,0.132994493858535
"943",2015-07-21,0.133135676973034
"944",2015-07-21,0.133276860087534
"945",2015-07-22,0.133418043202033
"946",2015-07-23,0.133559226316533
"947",2015-07-24,0.133700409431032
"948",2015-07-27,0.133841592545532
"949",2015-07-27,0.133982775660031
"950",2015-07-27,0.134123958774531
"951",2015-07-27,0.13426514188903
"952",2015-07-27,0.13440632500353
"953",2015-07-27,0.134547508118029
"954",2015-07-29,0.134688691232529
"955",2015-07-30,0.134829874347028
"956",2015-07-30,0.134971057461528
"957",2015-07-30,0.135112240576027
"958",2015-07-31,0.135253423690527
"959",2015-08-03,0.135394606805026
"960",2015-08-03,0.135535789919526
"961",2015-08-04,0.135676973034025
"962",2015-08-04,0.135818156148525
"963",2015-08-05,0.135959339263024
"964",2015-08-05,0.136100522377524
"965",2015-08-05,0.136241705492023
"966",2015-08-05,0.136382888606523
"967",2015-08-07,0.136524071721022
"968",2015-08-10,0.136665254835522
"969",2015-08-12,0.136806437950021
"970",2015-08-12,0.136947621064521
"971",2015-08-12,0.13708880417902
"972",2015-08-12,0.13722998729352
"973",2015-08-12,0.137371170408019
"974",2015-08-12,0.137512353522519
"975",2015-08-12,0.137653536637018
"976",2015-08-13,0.137794719751518
"977",2015-08-13,0.137935902866017
"978",2015-08-13,0.138077085980517
"979",2015-08-14,0.138218269095016
"980",2015-08-14,0.138359452209516
"981",2015-08-14,0.138500635324015
"982",2015-08-14,0.138641818438515
"983",2015-08-14,0.138783001553014
"984",2015-08-17,0.138924184667514
"985",2015-08-17,0.139065367782013
"986",2015-08-18,0.139206550896513
"987",2015-08-18,0.139347734011012
"988",2015-08-18,0.139488917125512
"989",2015-08-18,0.139630100240011
"990",2015-08-18,0.139771283354511
"991",2015-08-19,0.13991246646901
"992",2015-08-19,0.14005364958351
"993",2015-08-19,0.140194832698009
"994",2015-08-19,0.140336015812509
"995",2015-08-19,0.140477198927008
"996",2015-08-20,0.140618382041508
"997",2015-08-21,0.140759565156007
"998",2015-08-21,0.140900748270507
"999",2015-08-21,0.141041931385006
"1000",2015-08-21,0.141183114499506
"1001",2015-08-25,0.141324297614005
"1002",2015-08-25,0.141465480728505
"1003",2015-08-25,0.141606663843004
"1004",2015-08-25,0.141747846957504
"1005",2015-08-26,0.141889030072003
"1006",2015-08-26,0.142030213186503
"1007",2015-08-26,0.142171396301002
"1008",2015-08-26,0.142312579415502
"1009",2015-08-26,0.142453762530001
"1010",2015-08-27,0.142594945644501
"1011",2015-08-28,0.142736128759
"1012",2015-08-28,0.1428773118735
"1013",2015-09-01,0.143018494987999
"1014",2015-09-01,0.143159678102499
"1015",2015-09-01,0.143300861216998
"1016",2015-09-01,0.143442044331498
"1017",2015-09-01,0.143583227445997
"1018",2015-09-01,0.143724410560497
"1019",2015-09-02,0.143865593674996
"1020",2015-09-02,0.144006776789496
"1021",2015-09-02,0.144147959903995
"1022",2015-09-02,0.144289143018495
"1023",2015-09-03,0.144430326132995
"1024",2015-09-03,0.144571509247494
"1025",2015-09-03,0.144712692361993
"1026",2015-09-04,0.144853875476493
"1027",2015-09-04,0.144995058590993
"1028",2015-09-08,0.145136241705492
"1029",2015-09-08,0.145277424819992
"1030",2015-09-09,0.145418607934491
"1031",2015-09-10,0.145559791048991
"1032",2015-09-11,0.14570097416349
"1033",2015-09-14,0.14584215727799
"1034",2015-09-14,0.145983340392489
"1035",2015-09-14,0.146124523506989
"1036",2015-09-15,0.146265706621488
"1037",2015-09-17,0.146406889735988
"1038",2015-09-18,0.146548072850487
"1039",2015-09-21,0.146689255964987
"1040",2015-09-21,0.146830439079486
"1041",2015-09-22,0.146971622193986
"1042",2015-09-22,0.147112805308485
"1043",2015-09-22,0.147253988422985
"1044",2015-09-23,0.147395171537484
"1045",2015-09-23,0.147536354651984
"1046",2015-09-23,0.147677537766483
"1047",2015-09-23,0.147818720880983
"1048",2015-09-24,0.147959903995482
"1049",2015-09-24,0.148101087109982
"1050",2015-09-25,0.148242270224481
"1051",2015-09-25,0.148383453338981
"1052",2015-09-25,0.14852463645348
"1053",2015-09-28,0.14866581956798
"1054",2015-09-28,0.148807002682479
"1055",2015-09-28,0.148948185796979
"1056",2015-09-30,0.149089368911478
"1057",2015-09-30,0.149230552025978
"1058",2015-09-30,0.149371735140477
"1059",2015-09-30,0.149512918254977
"1060",2015-09-30,0.149654101369476
"1061",2015-09-30,0.149795284483976
"1062",2015-09-30,0.149936467598475
"1063",2015-10-01,0.150077650712975
"1064",2015-10-01,0.150218833827474
"1065",2015-10-01,0.150360016941974
"1066",2015-10-01,0.150501200056473
"1067",2015-10-01,0.150642383170973
"1068",2015-10-02,0.150783566285472
"1069",2015-10-05,0.150924749399972
"1070",2015-10-05,0.151065932514471
"1071",2015-10-05,0.151207115628971
"1072",2015-10-05,0.15134829874347
"1073",2015-10-06,0.15148948185797
"1074",2015-10-09,0.151630664972469
"1075",2015-10-09,0.151771848086969
"1076",2015-10-09,0.151913031201468
"1077",2015-10-09,0.152054214315968
"1078",2015-10-12,0.152195397430467
"1079",2015-10-12,0.152336580544967
"1080",2015-10-12,0.152477763659466
"1081",2015-10-12,0.152618946773966
"1082",2015-10-12,0.152760129888465
"1083",2015-10-13,0.152901313002965
"1084",2015-10-13,0.153042496117464
"1085",2015-10-13,0.153183679231964
"1086",2015-10-13,0.153324862346463
"1087",2015-10-13,0.153466045460963
"1088",2015-10-14,0.153607228575462
"1089",2015-10-14,0.153748411689962
"1090",2015-10-15,0.153889594804461
"1091",2015-10-15,0.154030777918961
"1092",2015-10-15,0.15417196103346
"1093",2015-10-16,0.15431314414796
"1094",2015-10-16,0.154454327262459
"1095",2015-10-16,0.154595510376959
"1096",2015-10-19,0.154736693491458
"1097",2015-10-19,0.154877876605958
"1098",2015-10-19,0.155019059720457
"1099",2015-10-19,0.155160242834957
"1100",2015-10-20,0.155301425949456
"1101",2015-10-20,0.155442609063956
"1102",2015-10-20,0.155583792178455
"1103",2015-10-21,0.155724975292955
"1104",2015-10-21,0.155866158407454
"1105",2015-10-21,0.156007341521954
"1106",2015-10-22,0.156148524636453
"1107",2015-10-22,0.156289707750953
"1108",2015-10-22,0.156430890865453
"1109",2015-10-23,0.156572073979952
"1110",2015-10-26,0.156713257094451
"1111",2015-10-26,0.156854440208951
"1112",2015-10-26,0.156995623323451
"1113",2015-10-26,0.15713680643795
"1114",2015-10-27,0.15727798955245
"1115",2015-10-27,0.157419172666949
"1116",2015-10-27,0.157560355781449
"1117",2015-10-29,0.157701538895948
"1118",2015-10-29,0.157842722010448
"1119",2015-10-29,0.157983905124947
"1120",2015-10-29,0.158125088239447
"1121",2015-10-30,0.158266271353946
"1122",2015-10-30,0.158407454468446
"1123",2015-11-02,0.158548637582945
"1124",2015-11-03,0.158689820697445
"1125",2015-11-03,0.158831003811944
"1126",2015-11-04,0.158972186926444
"1127",2015-11-05,0.159113370040943
"1128",2015-11-06,0.159254553155443
"1129",2015-11-06,0.159395736269942
"1130",2015-11-09,0.159536919384442
"1131",2015-11-10,0.159678102498941
"1132",2015-11-10,0.159819285613441
"1133",2015-11-12,0.15996046872794
"1134",2015-11-13,0.16010165184244
"1135",2015-11-16,0.160242834956939
"1136",2015-11-16,0.160384018071439
"1137",2015-11-19,0.160525201185938
"1138",2015-11-19,0.160666384300438
"1139",2015-11-19,0.160807567414937
"1140",2015-11-20,0.160948750529437
"1141",2015-11-23,0.161089933643936
"1142",2015-11-23,0.161231116758436
"1143",2015-11-30,0.161372299872935
"1144",2015-11-30,0.161513482987435
"1145",2015-12-02,0.161654666101934
"1146",2015-12-02,0.161795849216434
"1147",2015-12-03,0.161937032330933
"1148",2015-12-04,0.162078215445433
"1149",2015-12-04,0.162219398559932
"1150",2015-12-04,0.162360581674432
"1151",2015-12-04,0.162501764788931
"1152",2015-12-07,0.162642947903431
"1153",2015-12-07,0.16278413101793
"1154",2015-12-07,0.16292531413243
"1155",2015-12-07,0.163066497246929
"1156",2015-12-07,0.163207680361429
"1157",2015-12-08,0.163348863475928
"1158",2015-12-08,0.163490046590428
"1159",2015-12-09,0.163631229704927
"1160",2015-12-09,0.163772412819427
"1161",2015-12-10,0.163913595933926
"1162",2015-12-10,0.164054779048426
"1163",2015-12-10,0.164195962162925
"1164",2015-12-15,0.164337145277425
"1165",2015-12-15,0.164478328391924
"1166",2015-12-15,0.164619511506424
"1167",2015-12-16,0.164760694620923
"1168",2015-12-16,0.164901877735423
"1169",2015-12-17,0.165043060849922
"1170",2015-12-17,0.165184243964422
"1171",2015-12-17,0.165325427078921
"1172",2015-12-18,0.165466610193421
"1173",2015-12-21,0.16560779330792
"1174",2015-12-21,0.16574897642242
"1175",2015-12-21,0.165890159536919
"1176",2015-12-21,0.166031342651419
"1177",2015-12-21,0.166172525765918
"1178",2015-12-21,0.166313708880418
"1179",2015-12-21,0.166454891994917
"1180",2015-12-21,0.166596075109417
"1181",2015-12-21,0.166737258223916
"1182",2015-12-22,0.166878441338416
"1183",2015-12-22,0.167019624452915
"1184",2015-12-22,0.167160807567415
"1185",2015-12-22,0.167301990681914
"1186",2015-12-22,0.167443173796414
"1187",2015-12-23,0.167584356910913
"1188",2015-12-23,0.167725540025413
"1189",2015-12-24,0.167866723139912
"1190",2015-12-24,0.168007906254412
"1191",2015-12-24,0.168149089368911
"1192",2015-12-28,0.168290272483411
"1193",2015-12-28,0.16843145559791
"1194",2015-12-28,0.16857263871241
"1195",2015-12-28,0.168713821826909
"1196",2015-12-29,0.168855004941409
"1197",2015-12-29,0.168996188055909
"1198",2015-12-31,0.169137371170408
"1199",2016-01-01,0.169278554284908
"1200",2016-01-04,0.169419737399407
"1201",2016-01-05,0.169560920513907
"1202",2016-01-05,0.169702103628406
"1203",2016-01-05,0.169843286742906
"1204",2016-01-06,0.169984469857405
"1205",2016-01-06,0.170125652971905
"1206",2016-01-06,0.170266836086404
"1207",2016-01-06,0.170408019200904
"1208",2016-01-07,0.170549202315403
"1209",2016-01-11,0.170690385429903
"1210",2016-01-11,0.170831568544402
"1211",2016-01-11,0.170972751658902
"1212",2016-01-12,0.171113934773401
"1213",2016-01-12,0.171255117887901
"1214",2016-01-12,0.1713963010024
"1215",2016-01-12,0.1715374841169
"1216",2016-01-13,0.171678667231399
"1217",2016-01-13,0.171819850345899
"1218",2016-01-13,0.171961033460398
"1219",2016-01-14,0.172102216574898
"1220",2016-01-14,0.172243399689397
"1221",2016-01-15,0.172384582803897
"1222",2016-01-15,0.172525765918396
"1223",2016-01-15,0.172666949032896
"1224",2016-01-19,0.172808132147395
"1225",2016-01-20,0.172949315261895
"1226",2016-01-20,0.173090498376394
"1227",2016-01-21,0.173231681490894
"1228",2016-01-21,0.173372864605393
"1229",2016-01-21,0.173514047719893
"1230",2016-01-21,0.173655230834392
"1231",2016-01-22,0.173796413948892
"1232",2016-01-22,0.173937597063391
"1233",2016-01-25,0.174078780177891
"1234",2016-01-25,0.17421996329239
"1235",2016-01-25,0.17436114640689
"1236",2016-01-25,0.174502329521389
"1237",2016-01-25,0.174643512635889
"1238",2016-01-26,0.174784695750388
"1239",2016-01-26,0.174925878864888
"1240",2016-01-26,0.175067061979387
"1241",2016-01-27,0.175208245093887
"1242",2016-01-29,0.175349428208386
"1243",2016-01-29,0.175490611322886
"1244",2016-01-29,0.175631794437385
"1245",2016-01-29,0.175772977551885
"1246",2016-02-01,0.175914160666384
"1247",2016-02-01,0.176055343780884
"1248",2016-02-01,0.176196526895383
"1249",2016-02-02,0.176337710009883
"1250",2016-02-02,0.176478893124382
"1251",2016-02-03,0.176620076238882
"1252",2016-02-03,0.176761259353381
"1253",2016-02-04,0.176902442467881
"1254",2016-02-04,0.17704362558238
"1255",2016-02-04,0.17718480869688
"1256",2016-02-05,0.177325991811379
"1257",2016-02-11,0.177467174925879
"1258",2016-02-11,0.177608358040378
"1259",2016-02-12,0.177749541154878
"1260",2016-02-16,0.177890724269377
"1261",2016-02-16,0.178031907383877
"1262",2016-02-17,0.178173090498376
"1263",2016-02-18,0.178314273612876
"1264",2016-02-18,0.178455456727375
"1265",2016-02-18,0.178596639841875
"1266",2016-02-22,0.178737822956374
"1267",2016-02-22,0.178879006070874
"1268",2016-02-23,0.179020189185373
"1269",2016-02-24,0.179161372299873
"1270",2016-02-24,0.179302555414372
"1271",2016-02-24,0.179443738528872
"1272",2016-02-25,0.179584921643371
"1273",2016-02-25,0.179726104757871
"1274",2016-02-25,0.17986728787237
"1275",2016-02-26,0.18000847098687
"1276",2016-02-26,0.180149654101369
"1277",2016-02-26,0.180290837215869
"1278",2016-02-27,0.180432020330368
"1279",2016-02-27,0.180573203444868
"1280",2016-02-29,0.180714386559368
"1281",2016-02-29,0.180855569673867
"1282",2016-03-01,0.180996752788367
"1283",2016-03-01,0.181137935902866
"1284",2016-03-02,0.181279119017366
"1285",2016-03-02,0.181420302131865
"1286",2016-03-02,0.181561485246365
"1287",2016-03-03,0.181702668360864
"1288",2016-03-04,0.181843851475364
"1289",2016-03-08,0.181985034589863
"1290",2016-03-08,0.182126217704363
"1291",2016-03-08,0.182267400818862
"1292",2016-03-09,0.182408583933362
"1293",2016-03-09,0.182549767047861
"1294",2016-03-09,0.182690950162361
"1295",2016-03-09,0.18283213327686
"1296",2016-03-11,0.18297331639136
"1297",2016-03-11,0.183114499505859
"1298",2016-03-14,0.183255682620359
"1299",2016-03-14,0.183396865734858
"1300",2016-03-15,0.183538048849358
"1301",2016-03-16,0.183679231963857
"1302",2016-03-16,0.183820415078357
"1303",2016-03-17,0.183961598192856
"1304",2016-03-18,0.184102781307356
"1305",2016-03-18,0.184243964421855
"1306",2016-03-18,0.184385147536355
"1307",2016-03-21,0.184526330650854
"1308",2016-03-23,0.184667513765354
"1309",2016-03-23,0.184808696879853
"1310",2016-03-24,0.184949879994353
"1311",2016-03-25,0.185091063108852
"1312",2016-03-28,0.185232246223352
"1313",2016-03-29,0.185373429337851
"1314",2016-03-29,0.185514612452351
"1315",2016-03-29,0.18565579556685
"1316",2016-03-29,0.18579697868135
"1317",2016-03-31,0.185938161795849
"1318",2016-03-31,0.186079344910349
"1319",2016-04-01,0.186220528024848
"1320",2016-04-01,0.186361711139348
"1321",2016-04-04,0.186502894253847
"1322",2016-04-04,0.186644077368347
"1323",2016-04-04,0.186785260482846
"1324",2016-04-04,0.186926443597346
"1325",2016-04-05,0.187067626711845
"1326",2016-04-05,0.187208809826345
"1327",2016-04-05,0.187349992940844
"1328",2016-04-05,0.187491176055344
"1329",2016-04-06,0.187632359169843
"1330",2016-04-07,0.187773542284343
"1331",2016-04-07,0.187914725398842
"1332",2016-04-08,0.188055908513342
"1333",2016-04-08,0.188197091627841
"1334",2016-04-08,0.188338274742341
"1335",2016-04-08,0.18847945785684
"1336",2016-04-11,0.18862064097134
"1337",2016-04-11,0.188761824085839
"1338",2016-04-11,0.188903007200339
"1339",2016-04-11,0.189044190314838
"1340",2016-04-12,0.189185373429338
"1341",2016-04-13,0.189326556543837
"1342",2016-04-14,0.189467739658337
"1343",2016-04-14,0.189608922772836
"1344",2016-04-15,0.189750105887336
"1345",2016-04-18,0.189891289001835
"1346",2016-04-19,0.190032472116335
"1347",2016-04-19,0.190173655230834
"1348",2016-04-21,0.190314838345334
"1349",2016-04-21,0.190456021459833
"1350",2016-04-21,0.190597204574333
"1351",2016-04-21,0.190738387688832
"1352",2016-04-21,0.190879570803332
"1353",2016-04-25,0.191020753917831
"1354",2016-04-26,0.191161937032331
"1355",2016-04-27,0.19130312014683
"1356",2016-04-27,0.19144430326133
"1357",2016-04-28,0.191585486375829
"1358",2016-04-28,0.191726669490329
"1359",2016-04-28,0.191867852604828
"1360",2016-05-02,0.192009035719328
"1361",2016-05-02,0.192150218833827
"1362",2016-05-02,0.192291401948327
"1363",2016-05-03,0.192432585062826
"1364",2016-05-03,0.192573768177326
"1365",2016-05-05,0.192714951291826
"1366",2016-05-05,0.192856134406325
"1367",2016-05-05,0.192997317520824
"1368",2016-05-05,0.193138500635324
"1369",2016-05-05,0.193279683749824
"1370",2016-05-06,0.193420866864323
"1371",2016-05-09,0.193562049978823
"1372",2016-05-09,0.193703233093322
"1373",2016-05-09,0.193844416207822
"1374",2016-05-11,0.193985599322321
"1375",2016-05-12,0.194126782436821
"1376",2016-05-12,0.19426796555132
"1377",2016-05-16,0.19440914866582
"1378",2016-05-18,0.194550331780319
"1379",2016-05-18,0.194691514894819
"1380",2016-05-19,0.194832698009318
"1381",2016-05-19,0.194973881123818
"1382",2016-05-19,0.195115064238317
"1383",2016-05-20,0.195256247352817
"1384",2016-05-24,0.195397430467316
"1385",2016-05-24,0.195538613581816
"1386",2016-05-24,0.195679796696315
"1387",2016-05-24,0.195820979810815
"1388",2016-05-25,0.195962162925314
"1389",2016-05-25,0.196103346039814
"1390",2016-05-25,0.196244529154313
"1391",2016-05-26,0.196385712268813
"1392",2016-05-26,0.196526895383312
"1393",2016-05-27,0.196668078497812
"1394",2016-05-27,0.196809261612311
"1395",2016-05-31,0.196950444726811
"1396",2016-05-31,0.19709162784131
"1397",2016-06-01,0.19723281095581
"1398",2016-06-01,0.197373994070309
"1399",2016-06-03,0.197515177184809
"1400",2016-06-03,0.197656360299308
"1401",2016-06-06,0.197797543413808
"1402",2016-06-07,0.197938726528307
"1403",2016-06-08,0.198079909642807
"1404",2016-06-08,0.198221092757306
"1405",2016-06-08,0.198362275871806
"1406",2016-06-08,0.198503458986305
"1407",2016-06-10,0.198644642100805
"1408",2016-06-15,0.198785825215304
"1409",2016-06-15,0.198927008329804
"1410",2016-06-15,0.199068191444303
"1411",2016-06-16,0.199209374558803
"1412",2016-06-16,0.199350557673302
"1413",2016-06-17,0.199491740787802
"1414",2016-06-20,0.199632923902301
"1415",2016-06-20,0.199774107016801
"1416",2016-06-21,0.1999152901313
"1417",2016-06-22,0.2000564732458
"1418",2016-06-22,0.200197656360299
"1419",2016-06-22,0.200338839474799
"1420",2016-06-23,0.200480022589298
"1421",2016-06-23,0.200621205703798
"1422",2016-06-23,0.200762388818297
"1423",2016-06-24,0.200903571932797
"1424",2016-06-24,0.201044755047296
"1425",2016-06-24,0.201185938161796
"1426",2016-06-24,0.201327121276295
"1427",2016-06-27,0.201468304390795
"1428",2016-06-28,0.201609487505294
"1429",2016-06-28,0.201750670619794
"1430",2016-06-28,0.201891853734293
"1431",2016-06-28,0.202033036848793
"1432",2016-06-29,0.202174219963292
"1433",2016-06-29,0.202315403077792
"1434",2016-06-29,0.202456586192291
"1435",2016-06-29,0.202597769306791
"1436",2016-06-29,0.20273895242129
"1437",2016-07-01,0.20288013553579
"1438",2016-07-01,0.203021318650289
"1439",2016-07-01,0.203162501764789
"1440",2016-07-05,0.203303684879288
"1441",2016-07-06,0.203444867993788
"1442",2016-07-06,0.203586051108287
"1443",2016-07-06,0.203727234222787
"1444",2016-07-06,0.203868417337286
"1445",2016-07-07,0.204009600451786
"1446",2016-07-08,0.204150783566285
"1447",2016-07-12,0.204291966680785
"1448",2016-07-14,0.204433149795284
"1449",2016-07-18,0.204574332909784
"1450",2016-07-18,0.204715516024284
"1451",2016-07-18,0.204856699138783
"1452",2016-07-19,0.204997882253282
"1453",2016-07-19,0.205139065367782
"1454",2016-07-19,0.205280248482282
"1455",2016-07-19,0.205421431596781
"1456",2016-07-19,0.205562614711281
"1457",2016-07-19,0.20570379782578
"1458",2016-07-19,0.20584498094028
"1459",2016-07-19,0.205986164054779
"1460",2016-07-19,0.206127347169279
"1461",2016-07-19,0.206268530283778
"1462",2016-07-19,0.206409713398278
"1463",2016-07-20,0.206550896512777
"1464",2016-07-21,0.206692079627277
"1465",2016-07-21,0.206833262741776
"1466",2016-07-22,0.206974445856276
"1467",2016-07-25,0.207115628970775
"1468",2016-07-25,0.207256812085275
"1469",2016-07-27,0.207397995199774
"1470",2016-07-28,0.207539178314274
"1471",2016-07-28,0.207680361428773
"1472",2016-07-29,0.207821544543273
"1473",2016-07-29,0.207962727657772
"1474",2016-07-29,0.208103910772272
"1475",2016-08-01,0.208245093886771
"1476",2016-08-01,0.208386277001271
"1477",2016-08-01,0.20852746011577
"1478",2016-08-02,0.20866864323027
"1479",2016-08-03,0.208809826344769
"1480",2016-08-03,0.208951009459269
"1481",2016-08-03,0.209092192573768
"1482",2016-08-03,0.209233375688268
"1483",2016-08-03,0.209374558802767
"1484",2016-08-04,0.209515741917267
"1485",2016-08-05,0.209656925031766
"1486",2016-08-05,0.209798108146266
"1487",2016-08-08,0.209939291260765
"1488",2016-08-09,0.210080474375265
"1489",2016-08-10,0.210221657489764
"1490",2016-08-10,0.210362840604264
"1491",2016-08-10,0.210504023718763
"1492",2016-08-11,0.210645206833263
"1493",2016-08-15,0.210786389947762
"1494",2016-08-15,0.210927573062262
"1495",2016-08-15,0.211068756176761
"1496",2016-08-15,0.211209939291261
"1497",2016-08-16,0.21135112240576
"1498",2016-08-17,0.21149230552026
"1499",2016-08-18,0.211633488634759
"1500",2016-08-18,0.211774671749259
"1501",2016-08-19,0.211915854863758
"1502",2016-08-19,0.212057037978258
"1503",2016-08-22,0.212198221092757
"1504",2016-08-23,0.212339404207257
"1505",2016-08-24,0.212480587321756
"1506",2016-08-24,0.212621770436256
"1507",2016-08-24,0.212762953550755
"1508",2016-08-25,0.212904136665255
"1509",2016-08-25,0.213045319779754
"1510",2016-08-25,0.213186502894254
"1511",2016-08-25,0.213327686008753
"1512",2016-08-25,0.213468869123253
"1513",2016-08-25,0.213610052237752
"1514",2016-08-26,0.213751235352252
"1515",2016-08-30,0.213892418466751
"1516",2016-08-31,0.214033601581251
"1517",2016-08-31,0.21417478469575
"1518",2016-09-01,0.21431596781025
"1519",2016-09-01,0.214457150924749
"1520",2016-09-02,0.214598334039249
"1521",2016-09-02,0.214739517153748
"1522",2016-09-06,0.214880700268248
"1523",2016-09-07,0.215021883382747
"1524",2016-09-08,0.215163066497247
"1525",2016-09-08,0.215304249611746
"1526",2016-09-09,0.215445432726246
"1527",2016-09-10,0.215586615840745
"1528",2016-09-12,0.215727798955245
"1529",2016-09-12,0.215868982069744
"1530",2016-09-13,0.216010165184244
"1531",2016-09-14,0.216151348298743
"1532",2016-09-14,0.216292531413243
"1533",2016-09-14,0.216433714527742
"1534",2016-09-14,0.216574897642242
"1535",2016-09-19,0.216716080756741
"1536",2016-09-19,0.216857263871241
"1537",2016-09-19,0.216998446985741
"1538",2016-09-19,0.21713963010024
"1539",2016-09-20,0.21728081321474
"1540",2016-09-21,0.217421996329239
"1541",2016-09-21,0.217563179443739
"1542",2016-09-21,0.217704362558238
"1543",2016-09-21,0.217845545672738
"1544",2016-09-21,0.217986728787237
"1545",2016-09-23,0.218127911901737
"1546",2016-09-23,0.218269095016236
"1547",2016-09-26,0.218410278130736
"1548",2016-09-26,0.218551461245235
"1549",2016-09-27,0.218692644359735
"1550",2016-09-28,0.218833827474234
"1551",2016-09-28,0.218975010588734
"1552",2016-09-29,0.219116193703233
"1553",2016-09-29,0.219257376817733
"1554",2016-10-04,0.219398559932232
"1555",2016-10-05,0.219539743046732
"1556",2016-10-05,0.219680926161231
"1557",2016-10-06,0.219822109275731
"1558",2016-10-06,0.21996329239023
"1559",2016-10-07,0.22010447550473
"1560",2016-10-07,0.220245658619229
"1561",2016-10-07,0.220386841733729
"1562",2016-10-10,0.220528024848228
"1563",2016-10-10,0.220669207962728
"1564",2016-10-11,0.220810391077227
"1565",2016-10-12,0.220951574191727
"1566",2016-10-12,0.221092757306226
"1567",2016-10-12,0.221233940420726
"1568",2016-10-14,0.221375123535225
"1569",2016-10-14,0.221516306649725
"1570",2016-10-14,0.221657489764224
"1571",2016-10-14,0.221798672878724
"1572",2016-10-16,0.221939855993223
"1573",2016-10-16,0.222081039107723
"1574",2016-10-18,0.222222222222222
"1575",2016-10-18,0.222363405336722
"1576",2016-10-18,0.222504588451221
"1577",2016-10-19,0.222645771565721
"1578",2016-10-19,0.22278695468022
"1579",2016-10-20,0.22292813779472
"1580",2016-10-20,0.223069320909219
"1581",2016-10-21,0.223210504023719
"1582",2016-10-21,0.223351687138218
"1583",2016-10-21,0.223492870252718
"1584",2016-10-24,0.223634053367217
"1585",2016-10-25,0.223775236481717
"1586",2016-10-25,0.223916419596216
"1587",2016-10-25,0.224057602710716
"1588",2016-10-26,0.224198785825215
"1589",2016-10-27,0.224339968939715
"1590",2016-10-27,0.224481152054214
"1591",2016-10-28,0.224622335168714
"1592",2016-10-28,0.224763518283213
"1593",2016-10-29,0.224904701397713
"1594",2016-11-01,0.225045884512212
"1595",2016-11-02,0.225187067626712
"1596",2016-11-02,0.225328250741211
"1597",2016-11-03,0.225469433855711
"1598",2016-11-03,0.22561061697021
"1599",2016-11-04,0.22575180008471
"1600",2016-11-04,0.225892983199209
"1601",2016-11-04,0.226034166313709
"1602",2016-11-06,0.226175349428208
"1603",2016-11-06,0.226316532542708
"1604",2016-11-07,0.226457715657207
"1605",2016-11-08,0.226598898771707
"1606",2016-11-08,0.226740081886206
"1607",2016-11-09,0.226881265000706
"1608",2016-11-09,0.227022448115205
"1609",2016-11-09,0.227163631229705
"1610",2016-11-10,0.227304814344204
"1611",2016-11-14,0.227445997458704
"1612",2016-11-16,0.227587180573203
"1613",2016-11-16,0.227728363687703
"1614",2016-11-16,0.227869546802202
"1615",2016-11-16,0.228010729916702
"1616",2016-11-16,0.228151913031201
"1617",2016-11-16,0.228293096145701
"1618",2016-11-17,0.2284342792602
"1619",2016-11-17,0.2285754623747
"1620",2016-11-18,0.228716645489199
"1621",2016-11-18,0.228857828603699
"1622",2016-11-21,0.228999011718199
"1623",2016-11-21,0.229140194832698
"1624",2016-11-22,0.229281377947198
"1625",2016-11-22,0.229422561061697
"1626",2016-11-23,0.229563744176197
"1627",2016-11-23,0.229704927290696
"1628",2016-11-23,0.229846110405196
"1629",2016-11-27,0.229987293519695
"1630",2016-11-27,0.230128476634195
"1631",2016-11-27,0.230269659748694
"1632",2016-11-28,0.230410842863194
"1633",2016-11-28,0.230552025977693
"1634",2016-11-29,0.230693209092193
"1635",2016-11-29,0.230834392206692
"1636",2016-12-01,0.230975575321192
"1637",2016-12-01,0.231116758435691
"1638",2016-12-01,0.231257941550191
"1639",2016-12-02,0.23139912466469
"1640",2016-12-02,0.23154030777919
"1641",2016-12-02,0.231681490893689
"1642",2016-12-02,0.231822674008189
"1643",2016-12-05,0.231963857122688
"1644",2016-12-05,0.232105040237188
"1645",2016-12-05,0.232246223351687
"1646",2016-12-05,0.232387406466187
"1647",2016-12-06,0.232528589580686
"1648",2016-12-07,0.232669772695186
"1649",2016-12-07,0.232810955809685
"1650",2016-12-07,0.232952138924185
"1651",2016-12-08,0.233093322038684
"1652",2016-12-12,0.233234505153184
"1653",2016-12-12,0.233375688267683
"1654",2016-12-15,0.233516871382183
"1655",2016-12-15,0.233658054496682
"1656",2016-12-16,0.233799237611182
"1657",2016-12-16,0.233940420725681
"1658",2016-12-16,0.234081603840181
"1659",2016-12-16,0.23422278695468
"1660",2016-12-16,0.23436397006918
"1661",2016-12-16,0.234505153183679
"1662",2016-12-16,0.234646336298179
"1663",2016-12-16,0.234787519412678
"1664",2016-12-16,0.234928702527178
"1665",2016-12-16,0.235069885641677
"1666",2016-12-16,0.235211068756177
"1667",2016-12-17,0.235352251870676
"1668",2016-12-19,0.235493434985176
"1669",2016-12-19,0.235634618099675
"1670",2016-12-19,0.235775801214175
"1671",2016-12-20,0.235916984328674
"1672",2016-12-20,0.236058167443174
"1673",2016-12-20,0.236199350557673
"1674",2016-12-27,0.236340533672173
"1675",2016-12-27,0.236481716786672
"1676",2016-12-27,0.236622899901172
"1677",2016-12-30,0.236764083015671
"1678",2016-12-30,0.236905266130171
"1679",2016-12-30,0.23704644924467
"1680",2017-01-03,0.23718763235917
"1681",2017-01-03,0.237328815473669
"1682",2017-01-04,0.237469998588169
"1683",2017-01-04,0.237611181702668
"1684",2017-01-04,0.237752364817168
"1685",2017-01-05,0.237893547931667
"1686",2017-01-06,0.238034731046167
"1687",2017-01-09,0.238175914160666
"1688",2017-01-10,0.238317097275166
"1689",2017-01-10,0.238458280389665
"1690",2017-01-10,0.238599463504165
"1691",2017-01-17,0.238740646618664
"1692",2017-01-17,0.238881829733164
"1693",2017-01-17,0.239023012847663
"1694",2017-01-20,0.239164195962163
"1695",2017-01-20,0.239305379076662
"1696",2017-01-20,0.239446562191162
"1697",2017-01-24,0.239587745305661
"1698",2017-01-25,0.239728928420161
"1699",2017-01-27,0.23987011153466
"1700",2017-01-27,0.24001129464916
"1701",2017-01-29,0.240152477763659
"1702",2017-01-29,0.240293660878159
"1703",2017-01-30,0.240434843992658
"1704",2017-01-30,0.240576027107158
"1705",2017-01-30,0.240717210221657
"1706",2017-02-01,0.240858393336157
"1707",2017-02-01,0.240999576450657
"1708",2017-02-01,0.241140759565156
"1709",2017-02-01,0.241281942679656
"1710",2017-02-02,0.241423125794155
"1711",2017-02-03,0.241564308908655
"1712",2017-02-05,0.241705492023154
"1713",2017-02-05,0.241846675137654
"1714",2017-02-07,0.241987858252153
"1715",2017-02-08,0.242129041366653
"1716",2017-02-08,0.242270224481152
"1717",2017-02-09,0.242411407595652
"1718",2017-02-09,0.242552590710151
"1719",2017-02-09,0.242693773824651
"1720",2017-02-13,0.24283495693915
"1721",2017-02-13,0.24297614005365
"1722",2017-02-13,0.243117323168149
"1723",2017-02-14,0.243258506282649
"1724",2017-02-14,0.243399689397148
"1725",2017-02-14,0.243540872511648
"1726",2017-02-14,0.243682055626147
"1727",2017-02-15,0.243823238740647
"1728",2017-02-15,0.243964421855146
"1729",2017-02-15,0.244105604969646
"1730",2017-02-16,0.244246788084145
"1731",2017-02-16,0.244387971198645
"1732",2017-02-16,0.244529154313144
"1733",2017-02-17,0.244670337427644
"1734",2017-02-21,0.244811520542143
"1735",2017-02-21,0.244952703656643
"1736",2017-02-21,0.245093886771142
"1737",2017-02-22,0.245235069885642
"1738",2017-02-22,0.245376253000141
"1739",2017-02-22,0.245517436114641
"1740",2017-02-23,0.24565861922914
"1741",2017-02-23,0.24579980234364
"1742",2017-02-24,0.245940985458139
"1743",2017-02-27,0.246082168572639
"1744",2017-02-27,0.246223351687138
"1745",2017-02-27,0.246364534801638
"1746",2017-03-01,0.246505717916137
"1747",2017-03-01,0.246646901030637
"1748",2017-03-01,0.246788084145136
"1749",2017-03-03,0.246929267259636
"1750",2017-03-06,0.247070450374135
"1751",2017-03-06,0.247211633488635
"1752",2017-03-07,0.247352816603134
"1753",2017-03-07,0.247493999717634
"1754",2017-03-07,0.247635182832133
"1755",2017-03-07,0.247776365946633
"1756",2017-03-09,0.247917549061132
"1757",2017-03-09,0.248058732175632
"1758",2017-03-10,0.248199915290131
"1759",2017-03-13,0.248341098404631
"1760",2017-03-13,0.24848228151913
"1761",2017-03-14,0.24862346463363
"1762",2017-03-15,0.248764647748129
"1763",2017-03-15,0.248905830862629
"1764",2017-03-16,0.249047013977128
"1765",2017-03-16,0.249188197091628
"1766",2017-03-17,0.249329380206127
"1767",2017-03-17,0.249470563320627
"1768",2017-03-20,0.249611746435126
"1769",2017-03-20,0.249752929549626
"1770",2017-03-21,0.249894112664125
"1771",2017-03-22,0.250035295778625
"1772",2017-03-23,0.250176478893124
"1773",2017-03-23,0.250317662007624
"1774",2017-03-23,0.250458845122123
"1775",2017-03-24,0.250600028236623
"1776",2017-03-24,0.250741211351122
"1777",2017-03-27,0.250882394465622
"1778",2017-03-27,0.251023577580121
"1779",2017-03-28,0.251164760694621
"1780",2017-03-28,0.25130594380912
"1781",2017-03-29,0.25144712692362
"1782",2017-03-29,0.251588310038119
"1783",2017-03-29,0.251729493152619
"1784",2017-03-29,0.251870676267118
"1785",2017-03-29,0.252011859381618
"1786",2017-03-30,0.252153042496117
"1787",2017-03-30,0.252294225610617
"1788",2017-03-31,0.252435408725116
"1789",2017-04-03,0.252576591839616
"1790",2017-04-03,0.252717774954116
"1791",2017-04-03,0.252858958068615
"1792",2017-04-03,0.253000141183114
"1793",2017-04-04,0.253141324297614
"1794",2017-04-05,0.253282507412114
"1795",2017-04-05,0.253423690526613
"1796",2017-04-06,0.253564873641113
"1797",2017-04-07,0.253706056755612
"1798",2017-04-07,0.253847239870112
"1799",2017-04-07,0.253988422984611
"1800",2017-04-07,0.254129606099111
"1801",2017-04-07,0.25427078921361
"1802",2017-04-10,0.25441197232811
"1803",2017-04-10,0.254553155442609
"1804",2017-04-11,0.254694338557109
"1805",2017-04-14,0.254835521671608
"1806",2017-04-19,0.254976704786108
"1807",2017-04-19,0.255117887900607
"1808",2017-04-20,0.255259071015107
"1809",2017-04-21,0.255400254129606
"1810",2017-04-21,0.255541437244106
"1811",2017-04-21,0.255682620358605
"1812",2017-04-24,0.255823803473105
"1813",2017-04-24,0.255964986587604
"1814",2017-04-24,0.256106169702104
"1815",2017-04-25,0.256247352816603
"1816",2017-04-25,0.256388535931103
"1817",2017-04-27,0.256529719045602
"1818",2017-04-27,0.256670902160102
"1819",2017-04-27,0.256812085274601
"1820",2017-04-27,0.256953268389101
"1821",2017-04-27,0.2570944515036
"1822",2017-04-27,0.2572356346181
"1823",2017-04-28,0.257376817732599
"1824",2017-04-28,0.257518000847099
"1825",2017-04-28,0.257659183961598
"1826",2017-05-01,0.257800367076098
"1827",2017-05-02,0.257941550190597
"1828",2017-05-02,0.258082733305097
"1829",2017-05-02,0.258223916419596
"1830",2017-05-03,0.258365099534096
"1831",2017-05-04,0.258506282648595
"1832",2017-05-04,0.258647465763095
"1833",2017-05-04,0.258788648877594
"1834",2017-05-08,0.258929831992094
"1835",2017-05-08,0.259071015106593
"1836",2017-05-09,0.259212198221093
"1837",2017-05-10,0.259353381335592
"1838",2017-05-10,0.259494564450092
"1839",2017-05-11,0.259635747564591
"1840",2017-05-16,0.259776930679091
"1841",2017-05-17,0.25991811379359
"1842",2017-05-19,0.26005929690809
"1843",2017-05-19,0.260200480022589
"1844",2017-05-19,0.260341663137089
"1845",2017-05-19,0.260482846251588
"1846",2017-05-22,0.260624029366088
"1847",2017-05-22,0.260765212480587
"1848",2017-05-22,0.260906395595087
"1849",2017-05-22,0.261047578709586
"1850",2017-05-23,0.261188761824086
"1851",2017-05-23,0.261329944938585
"1852",2017-05-23,0.261471128053085
"1853",2017-05-24,0.261612311167584
"1854",2017-05-24,0.261753494282084
"1855",2017-05-24,0.261894677396583
"1856",2017-05-24,0.262035860511083
"1857",2017-05-26,0.262177043625582
"1858",2017-05-26,0.262318226740082
"1859",2017-05-26,0.262459409854581
"1860",2017-05-26,0.262600592969081
"1861",2017-05-26,0.26274177608358
"1862",2017-05-26,0.26288295919808
"1863",2017-05-26,0.263024142312579
"1864",2017-05-26,0.263165325427079
"1865",2017-05-30,0.263306508541578
"1866",2017-05-31,0.263447691656078
"1867",2017-05-31,0.263588874770577
"1868",2017-05-31,0.263730057885077
"1869",2017-05-31,0.263871240999576
"1870",2017-05-31,0.264012424114076
"1871",2017-06-01,0.264153607228575
"1872",2017-06-05,0.264294790343075
"1873",2017-06-05,0.264435973457574
"1874",2017-06-05,0.264577156572074
"1875",2017-06-05,0.264718339686573
"1876",2017-06-06,0.264859522801073
"1877",2017-06-06,0.265000705915573
"1878",2017-06-07,0.265141889030072
"1879",2017-06-07,0.265283072144572
"1880",2017-06-09,0.265424255259071
"1881",2017-06-12,0.26556543837357
"1882",2017-06-12,0.26570662148807
"1883",2017-06-13,0.26584780460257
"1884",2017-06-14,0.265988987717069
"1885",2017-06-14,0.266130170831569
"1886",2017-06-15,0.266271353946068
"1887",2017-06-16,0.266412537060568
"1888",2017-06-19,0.266553720175067
"1889",2017-06-19,0.266694903289567
"1890",2017-06-20,0.266836086404066
"1891",2017-06-20,0.266977269518566
"1892",2017-06-20,0.267118452633065
"1893",2017-06-21,0.267259635747565
"1894",2017-06-21,0.267400818862064
"1895",2017-06-21,0.267542001976564
"1896",2017-06-23,0.267683185091063
"1897",2017-06-23,0.267824368205563
"1898",2017-06-23,0.267965551320062
"1899",2017-06-26,0.268106734434562
"1900",2017-06-26,0.268247917549061
"1901",2017-06-26,0.268389100663561
"1902",2017-06-26,0.26853028377806
"1903",2017-06-26,0.26867146689256
"1904",2017-06-29,0.268812650007059
"1905",2017-06-29,0.268953833121559
"1906",2017-07-03,0.269095016236058
"1907",2017-07-03,0.269236199350558
"1908",2017-07-03,0.269377382465057
"1909",2017-07-03,0.269518565579557
"1910",2017-07-05,0.269659748694056
"1911",2017-07-05,0.269800931808556
"1912",2017-07-05,0.269942114923055
"1913",2017-07-05,0.270083298037555
"1914",2017-07-05,0.270224481152054
"1915",2017-07-10,0.270365664266554
"1916",2017-07-10,0.270506847381053
"1917",2017-07-11,0.270648030495553
"1918",2017-07-12,0.270789213610052
"1919",2017-07-12,0.270930396724552
"1920",2017-07-13,0.271071579839051
"1921",2017-07-13,0.271212762953551
"1922",2017-07-17,0.27135394606805
"1923",2017-07-17,0.27149512918255
"1924",2017-07-18,0.271636312297049
"1925",2017-07-19,0.271777495411549
"1926",2017-07-20,0.271918678526048
"1927",2017-07-20,0.272059861640548
"1928",2017-07-24,0.272201044755047
"1929",2017-07-24,0.272342227869547
"1930",2017-07-25,0.272483410984046
"1931",2017-07-25,0.272624594098546
"1932",2017-07-25,0.272765777213045
"1933",2017-07-25,0.272906960327545
"1934",2017-07-25,0.273048143442044
"1935",2017-07-26,0.273189326556544
"1936",2017-07-27,0.273330509671043
"1937",2017-07-28,0.273471692785543
"1938",2017-07-28,0.273612875900042
"1939",2017-07-28,0.273754059014542
"1940",2017-07-31,0.273895242129041
"1941",2017-07-31,0.274036425243541
"1942",2017-08-01,0.27417760835804
"1943",2017-08-01,0.27431879147254
"1944",2017-08-03,0.274459974587039
"1945",2017-08-03,0.274601157701539
"1946",2017-08-03,0.274742340816038
"1947",2017-08-03,0.274883523930538
"1948",2017-08-03,0.275024707045037
"1949",2017-08-04,0.275165890159537
"1950",2017-08-04,0.275307073274036
"1951",2017-08-07,0.275448256388536
"1952",2017-08-08,0.275589439503035
"1953",2017-08-08,0.275730622617535
"1954",2017-08-08,0.275871805732034
"1955",2017-08-09,0.276012988846534
"1956",2017-08-11,0.276154171961033
"1957",2017-08-14,0.276295355075533
"1958",2017-08-14,0.276436538190032
"1959",2017-08-14,0.276577721304532
"1960",2017-08-14,0.276718904419031
"1961",2017-08-14,0.276860087533531
"1962",2017-08-15,0.27700127064803
"1963",2017-08-15,0.27714245376253
"1964",2017-08-15,0.27728363687703
"1965",2017-08-16,0.277424819991529
"1966",2017-08-16,0.277566003106029
"1967",2017-08-17,0.277707186220528
"1968",2017-08-17,0.277848369335028
"1969",2017-08-17,0.277989552449527
"1970",2017-08-21,0.278130735564027
"1971",2017-08-22,0.278271918678526
"1972",2017-08-23,0.278413101793026
"1973",2017-08-23,0.278554284907525
"1974",2017-08-23,0.278695468022025
"1975",2017-08-24,0.278836651136524
"1976",2017-08-25,0.278977834251024
"1977",2017-08-28,0.279119017365523
"1978",2017-08-29,0.279260200480023
"1979",2017-08-30,0.279401383594522
"1980",2017-08-31,0.279542566709022
"1981",2017-08-31,0.279683749823521
"1982",2017-08-31,0.279824932938021
"1983",2017-08-31,0.27996611605252
"1984",2017-09-05,0.28010729916702
"1985",2017-09-05,0.280248482281519
"1986",2017-09-05,0.280389665396019
"1987",2017-09-05,0.280530848510518
"1988",2017-09-05,0.280672031625018
"1989",2017-09-06,0.280813214739517
"1990",2017-09-06,0.280954397854017
"1991",2017-09-06,0.281095580968516
"1992",2017-09-08,0.281236764083016
"1993",2017-09-08,0.281377947197515
"1994",2017-09-08,0.281519130312015
"1995",2017-09-11,0.281660313426514
"1996",2017-09-11,0.281801496541014
"1997",2017-09-13,0.281942679655513
"1998",2017-09-14,0.282083862770013
"1999",2017-09-15,0.282225045884512
"2000",2017-09-16,0.282366228999012
"2001",2017-09-18,0.282507412113511
"2002",2017-09-21,0.282648595228011
"2003",2017-09-21,0.28278977834251
"2004",2017-09-22,0.28293096145701
"2005",2017-09-25,0.283072144571509
"2006",2017-09-25,0.283213327686009
"2007",2017-09-25,0.283354510800508
"2008",2017-09-25,0.283495693915008
"2009",2017-09-25,0.283636877029507
"2010",2017-09-25,0.283778060144007
"2011",2017-09-25,0.283919243258506
"2012",2017-09-25,0.284060426373006
"2013",2017-09-26,0.284201609487505
"2014",2017-09-28,0.284342792602005
"2015",2017-09-28,0.284483975716504
"2016",2017-10-02,0.284625158831004
"2017",2017-10-02,0.284766341945503
"2018",2017-10-02,0.284907525060003
"2019",2017-10-02,0.285048708174502
"2020",2017-10-05,0.285189891289002
"2021",2017-10-05,0.285331074403501
"2022",2017-10-05,0.285472257518001
"2023",2017-10-09,0.2856134406325
"2024",2017-10-09,0.285754623747
"2025",2017-10-09,0.285895806861499
"2026",2017-10-09,0.286036989975999
"2027",2017-10-10,0.286178173090498
"2028",2017-10-11,0.286319356204998
"2029",2017-10-12,0.286460539319497
"2030",2017-10-12,0.286601722433997
"2031",2017-10-13,0.286742905548496
"2032",2017-10-17,0.286884088662996
"2033",2017-10-18,0.287025271777495
"2034",2017-10-23,0.287166454891995
"2035",2017-10-23,0.287307638006494
"2036",2017-10-23,0.287448821120994
"2037",2017-10-24,0.287590004235493
"2038",2017-10-25,0.287731187349993
"2039",2017-10-25,0.287872370464492
"2040",2017-10-25,0.288013553578992
"2041",2017-10-27,0.288154736693491
"2042",2017-10-30,0.288295919807991
"2043",2017-10-30,0.28843710292249
"2044",2017-11-01,0.28857828603699
"2045",2017-11-01,0.288719469151489
"2046",2017-11-02,0.288860652265989
"2047",2017-11-06,0.289001835380489
"2048",2017-11-06,0.289143018494988
"2049",2017-11-06,0.289284201609487
"2050",2017-11-06,0.289425384723987
"2051",2017-11-06,0.289566567838486
"2052",2017-11-06,0.289707750952986
"2053",2017-11-06,0.289848934067486
"2054",2017-11-07,0.289990117181985
"2055",2017-11-07,0.290131300296485
"2056",2017-11-07,0.290272483410984
"2057",2017-11-08,0.290413666525484
"2058",2017-11-08,0.290554849639983
"2059",2017-11-08,0.290696032754483
"2060",2017-11-08,0.290837215868982
"2061",2017-11-08,0.290978398983482
"2062",2017-11-13,0.291119582097981
"2063",2017-11-14,0.291260765212481
"2064",2017-11-14,0.29140194832698
"2065",2017-11-14,0.29154313144148
"2066",2017-11-15,0.291684314555979
"2067",2017-11-15,0.291825497670479
"2068",2017-11-16,0.291966680784978
"2069",2017-11-16,0.292107863899478
"2070",2017-11-16,0.292249047013977
"2071",2017-11-17,0.292390230128477
"2072",2017-11-17,0.292531413242976
"2073",2017-11-20,0.292672596357476
"2074",2017-11-20,0.292813779471975
"2075",2017-11-21,0.292954962586475
"2076",2017-11-21,0.293096145700974
"2077",2017-11-22,0.293237328815474
"2078",2017-11-22,0.293378511929973
"2079",2017-11-27,0.293519695044473
"2080",2017-11-27,0.293660878158972
"2081",2017-11-27,0.293802061273472
"2082",2017-11-27,0.293943244387971
"2083",2017-11-27,0.294084427502471
"2084",2017-11-27,0.29422561061697
"2085",2017-11-28,0.29436679373147
"2086",2017-11-28,0.294507976845969
"2087",2017-11-28,0.294649159960469
"2088",2017-11-28,0.294790343074968
"2089",2017-11-28,0.294931526189468
"2090",2017-11-28,0.295072709303967
"2091",2017-11-28,0.295213892418467
"2092",2017-11-28,0.295355075532966
"2093",2017-11-28,0.295496258647466
"2094",2017-11-29,0.295637441761965
"2095",2017-11-29,0.295778624876465
"2096",2017-11-29,0.295919807990964
"2097",2017-11-29,0.296060991105464
"2098",2017-11-29,0.296202174219963
"2099",2017-11-30,0.296343357334463
"2100",2017-12-01,0.296484540448962
"2101",2017-12-04,0.296625723563462
"2102",2017-12-04,0.296766906677961
"2103",2017-12-06,0.296908089792461
"2104",2017-12-07,0.29704927290696
"2105",2017-12-07,0.29719045602146
"2106",2017-12-07,0.297331639135959
"2107",2017-12-07,0.297472822250459
"2108",2017-12-08,0.297614005364958
"2109",2017-12-09,0.297755188479458
"2110",2017-12-11,0.297896371593957
"2111",2017-12-11,0.298037554708457
"2112",2017-12-11,0.298178737822956
"2113",2017-12-11,0.298319920937456
"2114",2017-12-11,0.298461104051955
"2115",2017-12-11,0.298602287166455
"2116",2017-12-12,0.298743470280954
"2117",2017-12-13,0.298884653395454
"2118",2017-12-18,0.299025836509953
"2119",2017-12-18,0.299167019624453
"2120",2017-12-18,0.299308202738952
"2121",2017-12-19,0.299449385853452
"2122",2017-12-21,0.299590568967951
"2123",2017-12-22,0.299731752082451
"2124",2017-12-22,0.29987293519695
"2125",2017-12-22,0.30001411831145
"2126",2017-12-22,0.300155301425949
"2127",2017-12-22,0.300296484540449
"2128",2017-12-26,0.300437667654948
"2129",2017-12-26,0.300578850769448
"2130",2017-12-26,0.300720033883947
"2131",2017-12-26,0.300861216998447
"2132",2017-12-26,0.301002400112946
"2133",2017-12-26,0.301143583227446
"2134",2017-12-26,0.301284766341946
"2135",2017-12-26,0.301425949456445
"2136",2017-12-26,0.301567132570945
"2137",2017-12-27,0.301708315685444
"2138",2017-12-28,0.301849498799944
"2139",2017-12-28,0.301990681914443
"2140",2017-12-29,0.302131865028943
"2141",2018-01-02,0.302273048143442
"2142",2018-01-03,0.302414231257942
"2143",2018-01-03,0.302555414372441
"2144",2018-01-03,0.302696597486941
"2145",2018-01-03,0.30283778060144
"2146",2018-01-04,0.30297896371594
"2147",2018-01-04,0.303120146830439
"2148",2018-01-05,0.303261329944939
"2149",2018-01-08,0.303402513059438
"2150",2018-01-08,0.303543696173938
"2151",2018-01-08,0.303684879288437
"2152",2018-01-09,0.303826062402937
"2153",2018-01-09,0.303967245517436
"2154",2018-01-10,0.304108428631936
"2155",2018-01-10,0.304249611746435
"2156",2018-01-25,0.304390794860935
"2157",2018-02-08,0.304531977975434
"2158",2018-02-08,0.304673161089934
"2159",2018-02-09,0.304814344204433
"2160",2018-02-09,0.304955527318933
"2161",2018-02-09,0.305096710433432
"2162",2018-02-09,0.305237893547932
"2163",2018-02-09,0.305379076662431
"2164",2018-02-09,0.305520259776931
"2165",2018-02-09,0.30566144289143
"2166",2018-02-09,0.30580262600593
"2167",2018-02-09,0.305943809120429
"2168",2018-02-09,0.306084992234929
"2169",2018-02-09,0.306226175349428
"2170",2018-02-09,0.306367358463928
"2171",2018-02-09,0.306508541578427
"2172",2018-02-12,0.306649724692927
"2173",2018-02-12,0.306790907807426
"2174",2018-02-13,0.306932090921926
"2175",2018-02-13,0.307073274036425
"2176",2018-02-13,0.307214457150925
"2177",2018-02-15,0.307355640265424
"2178",2018-02-16,0.307496823379924
"2179",2018-02-16,0.307638006494423
"2180",2018-02-16,0.307779189608923
"2181",2018-02-16,0.307920372723422
"2182",2018-02-16,0.308061555837922
"2183",2018-02-16,0.308202738952421
"2184",2018-02-19,0.308343922066921
"2185",2018-02-19,0.30848510518142
"2186",2018-02-20,0.30862628829592
"2187",2018-02-20,0.308767471410419
"2188",2018-02-20,0.308908654524919
"2189",2018-02-21,0.309049837639418
"2190",2018-02-21,0.309191020753918
"2191",2018-02-21,0.309332203868417
"2192",2018-02-21,0.309473386982917
"2193",2018-02-21,0.309614570097416
"2194",2018-02-21,0.309755753211916
"2195",2018-02-22,0.309896936326415
"2196",2018-02-22,0.310038119440915
"2197",2018-02-22,0.310179302555414
"2198",2018-02-23,0.310320485669914
"2199",2018-02-24,0.310461668784413
"2200",2018-02-27,0.310602851898913
"2201",2018-02-27,0.310744035013412
"2202",2018-02-27,0.310885218127912
"2203",2018-02-27,0.311026401242411
"2204",2018-02-27,0.311167584356911
"2205",2018-02-27,0.31130876747141
"2206",2018-02-28,0.31144995058591
"2207",2018-02-28,0.311591133700409
"2208",2018-03-01,0.311732316814909
"2209",2018-03-01,0.311873499929408
"2210",2018-03-01,0.312014683043908
"2211",2018-03-01,0.312155866158407
"2212",2018-03-01,0.312297049272907
"2213",2018-03-01,0.312438232387406
"2214",2018-03-01,0.312579415501906
"2215",2018-03-01,0.312720598616405
"2216",2018-03-01,0.312861781730905
"2217",2018-03-02,0.313002964845404
"2218",2018-03-02,0.313144147959904
"2219",2018-03-02,0.313285331074403
"2220",2018-03-03,0.313426514188903
"2221",2018-03-03,0.313567697303403
"2222",2018-03-03,0.313708880417902
"2223",2018-03-03,0.313850063532402
"2224",2018-03-03,0.313991246646901
"2225",2018-03-03,0.314132429761401
"2226",2018-03-05,0.3142736128759
"2227",2018-03-05,0.3144147959904
"2228",2018-03-05,0.314555979104899
"2229",2018-03-05,0.314697162219399
"2230",2018-03-06,0.314838345333898
"2231",2018-03-07,0.314979528448398
"2232",2018-03-07,0.315120711562897
"2233",2018-03-08,0.315261894677397
"2234",2018-03-08,0.315403077791896
"2235",2018-03-09,0.315544260906396
"2236",2018-03-09,0.315685444020895
"2237",2018-03-09,0.315826627135395
"2238",2018-03-12,0.315967810249894
"2239",2018-03-12,0.316108993364394
"2240",2018-03-12,0.316250176478893
"2241",2018-03-12,0.316391359593393
"2242",2018-03-13,0.316532542707892
"2243",2018-03-13,0.316673725822392
"2244",2018-03-13,0.316814908936891
"2245",2018-03-13,0.316956092051391
"2246",2018-03-15,0.31709727516589
"2247",2018-03-16,0.31723845828039
"2248",2018-03-16,0.317379641394889
"2249",2018-03-16,0.317520824509389
"2250",2018-03-17,0.317662007623888
"2251",2018-03-17,0.317803190738388
"2252",2018-03-18,0.317944373852887
"2253",2018-03-19,0.318085556967387
"2254",2018-03-19,0.318226740081886
"2255",2018-03-20,0.318367923196386
"2256",2018-03-20,0.318509106310885
"2257",2018-03-20,0.318650289425385
"2258",2018-03-21,0.318791472539884
"2259",2018-03-21,0.318932655654384
"2260",2018-03-21,0.319073838768883
"2261",2018-03-21,0.319215021883383
"2262",2018-03-21,0.319356204997882
"2263",2018-03-22,0.319497388112382
"2264",2018-03-22,0.319638571226881
"2265",2018-03-23,0.319779754341381
"2266",2018-03-23,0.31992093745588
"2267",2018-03-23,0.32006212057038
"2268",2018-03-25,0.320203303684879
"2269",2018-03-25,0.320344486799379
"2270",2018-03-26,0.320485669913878
"2271",2018-03-26,0.320626853028378
"2272",2018-03-27,0.320768036142877
"2273",2018-03-28,0.320909219257377
"2274",2018-03-28,0.321050402371876
"2275",2018-03-29,0.321191585486376
"2276",2018-03-30,0.321332768600875
"2277",2018-03-30,0.321473951715375
"2278",2018-03-30,0.321615134829874
"2279",2018-03-30,0.321756317944374
"2280",2018-04-01,0.321897501058873
"2281",2018-04-02,0.322038684173373
"2282",2018-04-02,0.322179867287872
"2283",2018-04-02,0.322321050402372
"2284",2018-04-04,0.322462233516871
"2285",2018-04-04,0.322603416631371
"2286",2018-04-06,0.32274459974587
"2287",2018-04-06,0.32288578286037
"2288",2018-04-06,0.323026965974869
"2289",2018-04-06,0.323168149089369
"2290",2018-04-06,0.323309332203868
"2291",2018-04-08,0.323450515318368
"2292",2018-04-09,0.323591698432867
"2293",2018-04-10,0.323732881547367
"2294",2018-04-10,0.323874064661866
"2295",2018-04-11,0.324015247776366
"2296",2018-04-12,0.324156430890865
"2297",2018-04-13,0.324297614005365
"2298",2018-04-13,0.324438797119864
"2299",2018-04-16,0.324579980234364
"2300",2018-04-16,0.324721163348863
"2301",2018-04-17,0.324862346463363
"2302",2018-04-17,0.325003529577862
"2303",2018-04-17,0.325144712692362
"2304",2018-04-17,0.325285895806862
"2305",2018-04-17,0.325427078921361
"2306",2018-04-17,0.325568262035861
"2307",2018-04-17,0.32570944515036
"2308",2018-04-17,0.325850628264859
"2309",2018-04-18,0.325991811379359
"2310",2018-04-18,0.326132994493859
"2311",2018-04-18,0.326274177608358
"2312",2018-04-20,0.326415360722858
"2313",2018-04-20,0.326556543837357
"2314",2018-04-20,0.326697726951857
"2315",2018-04-21,0.326838910066356
"2316",2018-04-23,0.326980093180856
"2317",2018-04-24,0.327121276295355
"2318",2018-04-24,0.327262459409855
"2319",2018-04-24,0.327403642524354
"2320",2018-04-25,0.327544825638854
"2321",2018-04-25,0.327686008753353
"2322",2018-04-25,0.327827191867853
"2323",2018-04-25,0.327968374982352
"2324",2018-04-25,0.328109558096852
"2325",2018-04-25,0.328250741211351
"2326",2018-04-25,0.328391924325851
"2327",2018-04-26,0.32853310744035
"2328",2018-04-26,0.32867429055485
"2329",2018-04-27,0.328815473669349
"2330",2018-04-28,0.328956656783849
"2331",2018-04-30,0.329097839898348
"2332",2018-04-30,0.329239023012848
"2333",2018-04-30,0.329380206127347
"2334",2018-04-30,0.329521389241847
"2335",2018-04-30,0.329662572356346
"2336",2018-05-02,0.329803755470846
"2337",2018-05-02,0.329944938585345
"2338",2018-05-02,0.330086121699845
"2339",2018-05-03,0.330227304814344
"2340",2018-05-03,0.330368487928844
"2341",2018-05-03,0.330509671043343
"2342",2018-05-03,0.330650854157843
"2343",2018-05-07,0.330792037272342
"2344",2018-05-08,0.330933220386842
"2345",2018-05-08,0.331074403501341
"2346",2018-05-09,0.331215586615841
"2347",2018-05-09,0.33135676973034
"2348",2018-05-10,0.33149795284484
"2349",2018-05-10,0.331639135959339
"2350",2018-05-10,0.331780319073839
"2351",2018-05-11,0.331921502188338
"2352",2018-05-11,0.332062685302838
"2353",2018-05-12,0.332203868417337
"2354",2018-05-14,0.332345051531837
"2355",2018-05-14,0.332486234646336
"2356",2018-05-15,0.332627417760836
"2357",2018-05-17,0.332768600875335
"2358",2018-05-17,0.332909783989835
"2359",2018-05-17,0.333050967104334
"2360",2018-05-18,0.333192150218834
"2361",2018-05-18,0.333333333333333
"2362",2018-05-21,0.333474516447833
"2363",2018-05-21,0.333615699562332
"2364",2018-05-22,0.333756882676832
"2365",2018-05-23,0.333898065791331
"2366",2018-05-25,0.334039248905831
"2367",2018-05-25,0.33418043202033
"2368",2018-05-28,0.33432161513483
"2369",2018-05-29,0.334462798249329
"2370",2018-05-30,0.334603981363829
"2371",2018-06-01,0.334745164478328
"2372",2018-06-04,0.334886347592828
"2373",2018-06-04,0.335027530707327
"2374",2018-06-05,0.335168713821827
"2375",2018-06-05,0.335309896936326
"2376",2018-06-05,0.335451080050826
"2377",2018-06-05,0.335592263165325
"2378",2018-06-06,0.335733446279825
"2379",2018-06-06,0.335874629394324
"2380",2018-06-07,0.336015812508824
"2381",2018-06-08,0.336156995623323
"2382",2018-06-08,0.336298178737823
"2383",2018-06-12,0.336439361852322
"2384",2018-06-12,0.336580544966822
"2385",2018-06-12,0.336721728081321
"2386",2018-06-12,0.336862911195821
"2387",2018-06-12,0.33700409431032
"2388",2018-06-13,0.33714527742482
"2389",2018-06-13,0.337286460539319
"2390",2018-06-13,0.337427643653819
"2391",2018-06-14,0.337568826768319
"2392",2018-06-14,0.337710009882818
"2393",2018-06-14,0.337851192997318
"2394",2018-06-14,0.337992376111817
"2395",2018-06-14,0.338133559226317
"2396",2018-06-14,0.338274742340816
"2397",2018-06-15,0.338415925455316
"2398",2018-06-15,0.338557108569815
"2399",2018-06-18,0.338698291684315
"2400",2018-06-18,0.338839474798814
"2401",2018-06-18,0.338980657913314
"2402",2018-06-19,0.339121841027813
"2403",2018-06-20,0.339263024142313
"2404",2018-06-20,0.339404207256812
"2405",2018-06-20,0.339545390371312
"2406",2018-06-20,0.339686573485811
"2407",2018-06-21,0.339827756600311
"2408",2018-06-21,0.33996893971481
"2409",2018-06-22,0.34011012282931
"2410",2018-06-22,0.340251305943809
"2411",2018-06-22,0.340392489058309
"2412",2018-06-25,0.340533672172808
"2413",2018-06-26,0.340674855287308
"2414",2018-06-26,0.340816038401807
"2415",2018-06-27,0.340957221516307
"2416",2018-06-27,0.341098404630806
"2417",2018-06-28,0.341239587745306
"2418",2018-06-28,0.341380770859805
"2419",2018-06-28,0.341521953974305
"2420",2018-06-28,0.341663137088804
"2421",2018-06-29,0.341804320203304
"2422",2018-06-29,0.341945503317803
"2423",2018-06-29,0.342086686432303
"2424",2018-06-29,0.342227869546802
"2425",2018-06-29,0.342369052661302
"2426",2018-06-29,0.342510235775801
"2427",2018-06-29,0.342651418890301
"2428",2018-06-29,0.3427926020048
"2429",2018-07-01,0.3429337851193
"2430",2018-07-01,0.343074968233799
"2431",2018-07-03,0.343216151348299
"2432",2018-07-03,0.343357334462798
"2433",2018-07-04,0.343498517577298
"2434",2018-07-04,0.343639700691797
"2435",2018-07-04,0.343780883806297
"2436",2018-07-05,0.343922066920796
"2437",2018-07-05,0.344063250035296
"2438",2018-07-05,0.344204433149795
"2439",2018-07-05,0.344345616264295
"2440",2018-07-06,0.344486799378794
"2441",2018-07-06,0.344627982493294
"2442",2018-07-09,0.344769165607793
"2443",2018-07-09,0.344910348722293
"2444",2018-07-09,0.345051531836792
"2445",2018-07-09,0.345192714951292
"2446",2018-07-09,0.345333898065791
"2447",2018-07-09,0.345475081180291
"2448",2018-07-11,0.34561626429479
"2449",2018-07-11,0.34575744740929
"2450",2018-07-12,0.345898630523789
"2451",2018-07-12,0.346039813638289
"2452",2018-07-12,0.346180996752788
"2453",2018-07-12,0.346322179867288
"2454",2018-07-12,0.346463362981787
"2455",2018-07-12,0.346604546096287
"2456",2018-07-12,0.346745729210786
"2457",2018-07-12,0.346886912325286
"2458",2018-07-12,0.347028095439785
"2459",2018-07-16,0.347169278554285
"2460",2018-07-16,0.347310461668784
"2461",2018-07-17,0.347451644783284
"2462",2018-07-18,0.347592827897783
"2463",2018-07-18,0.347734011012283
"2464",2018-07-18,0.347875194126782
"2465",2018-07-18,0.348016377241282
"2466",2018-07-19,0.348157560355781
"2467",2018-07-19,0.348298743470281
"2468",2018-07-19,0.34843992658478
"2469",2018-07-19,0.34858110969928
"2470",2018-07-21,0.348722292813779
"2471",2018-07-23,0.348863475928279
"2472",2018-07-23,0.349004659042778
"2473",2018-07-23,0.349145842157278
"2474",2018-07-24,0.349287025271778
"2475",2018-07-24,0.349428208386277
"2476",2018-07-25,0.349569391500776
"2477",2018-07-25,0.349710574615276
"2478",2018-07-25,0.349851757729776
"2479",2018-07-25,0.349992940844275
"2480",2018-07-27,0.350134123958775
"2481",2018-07-27,0.350275307073274
"2482",2018-07-27,0.350416490187774
"2483",2018-07-27,0.350557673302273
"2484",2018-07-27,0.350698856416773
"2485",2018-07-30,0.350840039531272
"2486",2018-07-30,0.350981222645772
"2487",2018-07-30,0.351122405760271
"2488",2018-07-30,0.351263588874771
"2489",2018-07-31,0.35140477198927
"2490",2018-08-02,0.35154595510377
"2491",2018-08-02,0.351687138218269
"2492",2018-08-02,0.351828321332769
"2493",2018-08-03,0.351969504447268
"2494",2018-08-06,0.352110687561768
"2495",2018-08-06,0.352251870676267
"2496",2018-08-07,0.352393053790767
"2497",2018-08-08,0.352534236905266
"2498",2018-08-08,0.352675420019766
"2499",2018-08-09,0.352816603134265
"2500",2018-08-09,0.352957786248765
"2501",2018-08-09,0.353098969363264
"2502",2018-08-10,0.353240152477764
"2503",2018-08-10,0.353381335592263
"2504",2018-08-10,0.353522518706763
"2505",2018-08-10,0.353663701821262
"2506",2018-08-10,0.353804884935762
"2507",2018-08-13,0.353946068050261
"2508",2018-08-13,0.354087251164761
"2509",2018-08-13,0.35422843427926
"2510",2018-08-13,0.35436961739376
"2511",2018-08-13,0.354510800508259
"2512",2018-08-13,0.354651983622759
"2513",2018-08-13,0.354793166737258
"2514",2018-08-14,0.354934349851758
"2515",2018-08-15,0.355075532966257
"2516",2018-08-15,0.355216716080757
"2517",2018-08-15,0.355357899195256
"2518",2018-08-16,0.355499082309756
"2519",2018-08-17,0.355640265424255
"2520",2018-08-17,0.355781448538755
"2521",2018-08-20,0.355922631653254
"2522",2018-08-21,0.356063814767754
"2523",2018-08-22,0.356204997882253
"2524",2018-08-24,0.356346180996753
"2525",2018-08-24,0.356487364111252
"2526",2018-08-24,0.356628547225752
"2527",2018-08-24,0.356769730340251
"2528",2018-08-27,0.356910913454751
"2529",2018-08-28,0.35705209656925
"2530",2018-08-28,0.35719327968375
"2531",2018-08-28,0.357334462798249
"2532",2018-08-28,0.357475645912749
"2533",2018-08-28,0.357616829027248
"2534",2018-08-28,0.357758012141748
"2535",2018-08-30,0.357899195256247
"2536",2018-08-31,0.358040378370747
"2537",2018-08-31,0.358181561485246
"2538",2018-09-04,0.358322744599746
"2539",2018-09-06,0.358463927714245
"2540",2018-09-06,0.358605110828745
"2541",2018-09-06,0.358746293943244
"2542",2018-09-07,0.358887477057744
"2543",2018-09-10,0.359028660172243
"2544",2018-09-10,0.359169843286743
"2545",2018-09-10,0.359311026401242
"2546",2018-09-10,0.359452209515742
"2547",2018-09-11,0.359593392630241
"2548",2018-09-12,0.359734575744741
"2549",2018-09-12,0.35987575885924
"2550",2018-09-12,0.36001694197374
"2551",2018-09-13,0.360158125088239
"2552",2018-09-14,0.360299308202739
"2553",2018-09-14,0.360440491317238
"2554",2018-09-14,0.360581674431738
"2555",2018-09-17,0.360722857546237
"2556",2018-09-17,0.360864040660737
"2557",2018-09-19,0.361005223775236
"2558",2018-09-20,0.361146406889736
"2559",2018-09-21,0.361287590004235
"2560",2018-09-21,0.361428773118735
"2561",2018-09-24,0.361569956233235
"2562",2018-09-24,0.361711139347734
"2563",2018-09-24,0.361852322462234
"2564",2018-09-25,0.361993505576733
"2565",2018-09-26,0.362134688691233
"2566",2018-09-27,0.362275871805732
"2567",2018-09-27,0.362417054920232
"2568",2018-09-27,0.362558238034731
"2569",2018-09-27,0.362699421149231
"2570",2018-09-28,0.36284060426373
"2571",2018-10-02,0.36298178737823
"2572",2018-10-02,0.363122970492729
"2573",2018-10-03,0.363264153607229
"2574",2018-10-03,0.363405336721728
"2575",2018-10-03,0.363546519836228
"2576",2018-10-04,0.363687702950727
"2577",2018-10-04,0.363828886065227
"2578",2018-10-04,0.363970069179726
"2579",2018-10-04,0.364111252294226
"2580",2018-10-04,0.364252435408725
"2581",2018-10-05,0.364393618523225
"2582",2018-10-05,0.364534801637724
"2583",2018-10-05,0.364675984752224
"2584",2018-10-08,0.364817167866723
"2585",2018-10-08,0.364958350981223
"2586",2018-10-08,0.365099534095722
"2587",2018-10-09,0.365240717210222
"2588",2018-10-10,0.365381900324721
"2589",2018-10-11,0.365523083439221
"2590",2018-10-11,0.36566426655372
"2591",2018-10-11,0.36580544966822
"2592",2018-10-12,0.365946632782719
"2593",2018-10-12,0.366087815897219
"2594",2018-10-12,0.366228999011718
"2595",2018-10-15,0.366370182126218
"2596",2018-10-15,0.366511365240717
"2597",2018-10-15,0.366652548355217
"2598",2018-10-15,0.366793731469716
"2599",2018-10-15,0.366934914584216
"2600",2018-10-17,0.367076097698715
"2601",2018-10-17,0.367217280813215
"2602",2018-10-18,0.367358463927714
"2603",2018-10-19,0.367499647042214
"2604",2018-10-21,0.367640830156713
"2605",2018-10-21,0.367782013271213
"2606",2018-10-21,0.367923196385712
"2607",2018-10-21,0.368064379500212
"2608",2018-10-21,0.368205562614711
"2609",2018-10-21,0.368346745729211
"2610",2018-10-22,0.36848792884371
"2611",2018-10-24,0.36862911195821
"2612",2018-10-24,0.368770295072709
"2613",2018-10-24,0.368911478187209
"2614",2018-10-25,0.369052661301708
"2615",2018-10-26,0.369193844416208
"2616",2018-10-29,0.369335027530707
"2617",2018-10-30,0.369476210645207
"2618",2018-10-30,0.369617393759706
"2619",2018-10-31,0.369758576874206
"2620",2018-10-31,0.369899759988705
"2621",2018-11-02,0.370040943103205
"2622",2018-11-02,0.370182126217704
"2623",2018-11-03,0.370323309332204
"2624",2018-11-03,0.370464492446703
"2625",2018-11-03,0.370605675561203
"2626",2018-11-03,0.370746858675702
"2627",2018-11-03,0.370888041790202
"2628",2018-11-03,0.371029224904701
"2629",2018-11-04,0.371170408019201
"2630",2018-11-07,0.3713115911337
"2631",2018-11-12,0.3714527742482
"2632",2018-11-13,0.371593957362699
"2633",2018-11-13,0.371735140477199
"2634",2018-11-14,0.371876323591698
"2635",2018-11-15,0.372017506706198
"2636",2018-11-15,0.372158689820697
"2637",2018-11-16,0.372299872935197
"2638",2018-11-19,0.372441056049696
"2639",2018-11-19,0.372582239164196
"2640",2018-11-19,0.372723422278695
"2641",2018-11-23,0.372864605393195
"2642",2018-11-23,0.373005788507695
"2643",2018-11-23,0.373146971622194
"2644",2018-11-23,0.373288154736693
"2645",2018-11-23,0.373429337851193
"2646",2018-11-27,0.373570520965692
"2647",2018-11-27,0.373711704080192
"2648",2018-11-27,0.373852887194692
"2649",2018-11-28,0.373994070309191
"2650",2018-11-28,0.374135253423691
"2651",2018-11-28,0.37427643653819
"2652",2018-11-29,0.37441761965269
"2653",2018-11-29,0.374558802767189
"2654",2018-11-29,0.374699985881689
"2655",2018-12-03,0.374841168996188
"2656",2018-12-03,0.374982352110688
"2657",2018-12-05,0.375123535225187
"2658",2018-12-05,0.375264718339687
"2659",2018-12-06,0.375405901454186
"2660",2018-12-06,0.375547084568686
"2661",2018-12-06,0.375688267683185
"2662",2018-12-07,0.375829450797685
"2663",2018-12-07,0.375970633912184
"2664",2018-12-07,0.376111817026684
"2665",2018-12-10,0.376253000141183
"2666",2018-12-10,0.376394183255683
"2667",2018-12-10,0.376535366370182
"2668",2018-12-13,0.376676549484682
"2669",2018-12-14,0.376817732599181
"2670",2018-12-14,0.376958915713681
"2671",2018-12-17,0.37710009882818
"2672",2018-12-17,0.37724128194268
"2673",2018-12-17,0.377382465057179
"2674",2018-12-17,0.377523648171679
"2675",2018-12-17,0.377664831286178
"2676",2018-12-17,0.377806014400678
"2677",2018-12-19,0.377947197515177
"2678",2018-12-19,0.378088380629677
"2679",2018-12-19,0.378229563744176
"2680",2018-12-20,0.378370746858676
"2681",2018-12-20,0.378511929973175
"2682",2018-12-20,0.378653113087675
"2683",2018-12-20,0.378794296202174
"2684",2018-12-20,0.378935479316674
"2685",2018-12-20,0.379076662431173
"2686",2018-12-21,0.379217845545673
"2687",2018-12-21,0.379359028660172
"2688",2018-12-24,0.379500211774672
"2689",2018-12-24,0.379641394889171
"2690",2018-12-24,0.379782578003671
"2691",2018-12-24,0.37992376111817
"2692",2018-12-24,0.38006494423267
"2693",2018-12-24,0.380206127347169
"2694",2018-12-26,0.380347310461669
"2695",2018-12-26,0.380488493576168
"2696",2018-12-27,0.380629676690668
"2697",2018-12-27,0.380770859805167
"2698",2018-12-28,0.380912042919667
"2699",2018-12-31,0.381053226034166
